,brands,prices,variants,make_year,regYear,fuel,kmsDriven,EngDisplacement,NoOfOwners,RTO,Transmission,InsuranceType,color
0,2021 Renault Triber,"8,60,000",RXZ,2021,Sept 2021,Petrol,"5,367 Kms",999 cc,1st Owner,KA04,Manual,Third Party insurance,Metal Mustard
1,2017 Honda WR-V,"7,87,500",i-DTEC VX,2017,Aug 2017,Diesel,"79,897 Kms",1498 cc,1st Owner,KA53,Manual,Third Party insurance,White Orchid Pearl
2,2017 Volkswagen Ameo,"6,50,500",1.2 MPI Highline,2017,Feb 2018,Petrol,"28,574 Kms",1198 cc,1st Owner,KA59,Manual,Third Party insurance,Blue
3,2017 Hyundai i20,"6,51,500",1.2 Spotz,2017,Feb 2018,Petrol,"48,151 Kms",1197 cc,1st Owner,KA04,Manual,Third Party insurance,White
4,2013 Hyundai Verna,"6,20,000",1.6 SX VTVT,2013,undefined 2013,Petrol,"30,005 Kms",1591 cc,1st Owner,KA03,Manual,Third Party insurance,Titan Gray Metallic
5,2016 Mahindra XUV500,"13,99,000",R W10 FWD,2016,Sept 2016,Diesel,"49,943 Kms",2179 cc,1st Owner,KA03,Manual,Third Party insurance,White
6,2015 Hyundai i20,"6,77,000",Sportz Option 1.2,2015,Jun 2015,Petrol,"24,775 Kms",1197 cc,1st Owner,KA05,Manual,Third Party insurance,Pristine Blue
7,2020 MG Hector Plus,"22,46,500",Sharp Diesel MT,2020,Dec 2020,Diesel,"4,935 Kms",1956 cc,1st Owner,KA05,Manual,Third Party insurance,Starry Black
8,2017 Volkswagen Ameo,"6,90,500",1.2 MPI Highline,2017,Jul 2017,Petrol,"4,028 Kms",1198 cc,1st Owner,KA05,Manual,Third Party insurance,Grey
9,2016 Hyundai Grand i10,"6,51,000",Asta Option AT,2016,Aug 2016,Petrol,"18,073 Kms",1197 cc,1st Owner,Ka03,Automatic,Third Party insurance,Golden Orange
10,2015 Hyundai Grand i10,"5,24,000",Sportz,2015,May 2015,Petrol,"25,999 Kms",1197 cc,1st Owner,KA05,Manual,Third Party insurance,Wine Red
11,2016 Hyundai i20,"7,57,000",Asta 1.2,2016,Sept 2016,Petrol,"55,199 Kms",1197 cc,1st Owner,Ka04,Manual,Third Party insurance,Polar White
12,2018 Honda Jazz,"8,68,000",VX CVT,2018,Sept 2018,Petrol,"17,587 Kms",1199 cc,1st Owner,KA01,Automatic,Third Party insurance,Golden Brown Metallic
13,2016 Hyundai Grand i10,"5,53,000",Sportz,2016,Dec 2016,Petrol,"23,025 Kms",1197 cc,1st Owner,10 2022,KA04,Manual,Comprehensive
14,2013 Hyundai i10,"3,70,000",Sportz AT,2013,Aug 2013,Petrol,"55,692 Kms",1197 cc,2nd Owner,KA04,Automatic,Third Party insurance,Red
15,2018 Maruti Baleno,"7,97,500",1.2 CVT Delta,2018,Oct 2018,Petrol,"36,519 Kms",1197 cc,1st Owner,KA03,Automatic,Third Party insurance,Autumn Orange
16,2020 Tata Nexon,"12,29,500",XZ Plus DualTone Roof S,2020,Jul 2020,Petrol,"9,481 Kms",1199 cc,1st Owner,KA04,Manual,Third Party insurance,Calgary White
17,2010 Hyundai i10,"2,90,000",Sportz,2010,Mar 2011,Petrol,"89,695 Kms",1197 cc,2nd Owner,KA51,Manual,Third Party insurance,White
18,2016 Renault KWID,"3,36,500",1.0 RXT Optional,2016,May 2016,Petrol,"33,939 Kms",999 cc,1st Owner,KA51,Manual,Third Party insurance,Red
19,2015 Nissan Terrano,"5,50,000",XV 110 PS,2015,Feb 2016,Diesel,"92,131 Kms",1461 cc,2nd Owner,KA02,Manual,Third Party insurance,Black
20,2016 Honda Jazz,"5,95,000",V,2016,Dec 2016,Petrol,"53,555 Kms",1199 cc,1st Owner,1 2022,KA01,Manual,Comprehensive
21,2017 Honda Jazz,"5,77,500",1.2 S i VTEC,2017,Sept 2017,Petrol,"44,545 Kms",1199 cc,1st Owner,KA09,Manual,Third Party insurance,Whiteorchi
22,2017 Maruti Swift Dzire,"7,00,000",VDI,2017,Jul 2017,Diesel,"28,775 Kms",1248 cc,1st Owner,KA53,Manual,Third Party insurance,S silver
23,2015 Renault Duster,"4,57,000",Petrol RxE,2015,Apr 2015,Petrol,"50,902 Kms",1598 cc,2nd Owner,KA04,Manual,Third Party insurance,Silver
24,2018 Renault KWID,"3,47,000",1.0 RXT 02 Anniversary Edition,2018,Nov 2018,Petrol,"25,775 Kms",999 cc,1st Owner,KA41,Manual,Third Party insurance,Silver
25,2013 Hyundai EON,"2,72,500",D Lite,2013,May 2013,Petrol,"7,847 Kms",814 cc,1st Owner,4 2022,KA05,Manual,Comprehensive
26,2015 Hyundai EON,"3,10,000",Magna,2015,Feb 2015,Petrol,"37,057 Kms",814 cc,1st Owner,KA01,Manual,Third Party insurance,Red p
27,2017 Ford Figo,"4,92,000",1.5D Titanium MT,2017,May 2017,Diesel,"54,256 Kms",1498 cc,1st Owner,KA02,Manual,Third Party insurance,D white
28,2014 Volkswagen Polo,"6,44,500",GT TSI,2014,Feb 2014,Petrol,"49,802 Kms",1197 cc,2nd Owner,KA03,Automatic,Third Party insurance,Flash Red - Volkswagen Polo
29,2014 Nissan Sunny,"4,24,500",XL,2014,Feb 2014,Petrol,"44,221 Kms",1498 cc,2nd Owner,KA03,Manual,Third Party insurance,Red
30,2019 Renault KWID,"3,84,500",RXL,2019,May 2019,Petrol,"12,432 Kms",799 cc,2nd Owner,KA09,Manual,Third Party insurance,Red
31,2013 Honda Brio,"3,65,000",V MT,2013,May 2013,Petrol,"70,007 Kms",1198 cc,1st Owner,KA26,Manual,Third Party insurance,T WHITE
32,2018 Toyota Yaris,"8,40,000",V,2018,Nov 2018,Petrol,"71,039 Kms",1496 cc,1st Owner,KA03,Manual,Third Party insurance,P brown
33,2017 Datsun RediGO,"2,84,000",T Option,2017,Nov 2017,Petrol,"48,268 Kms",799 cc,1st Owner,KA05,Manual,Third Party insurance,Silver
34,2014 Maruti Ertiga,"6,25,000",VDI,2014,Aug 2014,Diesel,"98,567 Kms",1248 cc,1st Owner,KA02,Manual,Third Party insurance,M f red
35,2019 Volkswagen Ameo,"5,60,000",1.0 MPI Comfortline,2019,Aug 2019,Petrol,"20,544 Kms",999 cc,1st Owner,KA05,Manual,Third Party insurance,Lapiz blue
36,2010 Hyundai i20,"2,94,500",Magna,2010,Oct 2010,Petrol,"78,937 Kms",1197 cc,2nd Owner,KA41,Manual,Third Party insurance,S silver
37,2019 Mahindra Marazzo,"11,21,000",M6 8Str,2019,Mar 2019,Diesel,"25,989 Kms",1497 cc,1st Owner,KA51,Manual,Third Party insurance,Red
38,2016 Maruti Celerio,"4,44,000",VXI Optional,2016,Jul 2016,Petrol,"50,910 Kms",998 cc,1st Owner,KA04,Manual,Third Party insurance,Silky silver
39,2010 Hyundai i10,"2,75,000",Sportz 1.2,2010,Nov 2010,Petrol,"89,940 Kms",1197 cc,1st Owner,KA51,Manual,Third Party insurance,Golden
40,2014 Maruti Swift Dzire,"4,63,500",VXI,2014,Feb 2015,Petrol,"44,885 Kms",1197 cc,2nd Owner,KA02,Manual,Third Party insurance,Grey
41,2017 Maruti Ignis,"5,30,500",Zeta,2017,Oct 2017,Petrol,"49,366 Kms",1197 cc,1st Owner,KA51,Manual,Third Party insurance,White
42,2017 Maruti Ignis,"5,75,000",1.2 AMT Delta BSIV,2017,Apr 2018,Petrol,"13,413 Kms",1197 cc,1st Owner,KA02,Automatic,Third Party insurance,Silver
43,2013 Hyundai i20,"3,99,500",Magna Optional 1.4 CRDi,2013,Feb 2014,Diesel,"78,107 Kms",1396 cc,1st Owner,KA01,Manual,Third Party insurance,White
44,2018 Renault KWID,"3,23,000",1.0 RXT Opt,2018,Dec 2018,Petrol,"46,527 Kms",999 cc,1st Owner,KA02,Manual,Not Available,Red
45,2015 Hyundai i20,"6,28,000",Sportz Option 1.2,2015,Oct 2015,Petrol,"68,565 Kms",1197 cc,1st Owner,KA03,Manual,Third Party insurance,Polar White
46,2018 Maruti Swift Dzire,"6,70,000",VDI,2018,Nov 2018,Diesel,"51,037 Kms",1248 cc,1st Owner,KA04,Manual,Third Party insurance,Silver
47,2017 Maruti Alto K10,"3,58,500",LXI,2017,Oct 2017,Petrol,"75,984 Kms",998 cc,1st Owner,KA05,Manual,Third Party insurance,Silky silver
48,2018 Maruti Vitara Brezza,"7,68,500",VDi Option,2018,Jun 2018,Diesel,"55,280 Kms",1248 cc,1st Owner,KA41,Manual,Third Party insurance,Mg grey
49,2018 Maruti Swift,"7,15,500",ZXI Plus,2018,Apr 2018,Petrol,"30,511 Kms",1197 cc,1st Owner,KA01,Manual,Third Party insurance,Sldfirered
50,2015 Maruti Celerio,"4,15,000",VXI AMT BSIV,2015,Feb 2016,Petrol,"34,021 Kms",998 cc,1st Owner,KA20,Automatic,Third Party insurance,Ceruline blue
51,2017 Volkswagen Polo,"6,31,000",1.2 MPI Comfortline,2017,Oct 2017,Petrol,"27,665 Kms",1199 cc,1st Owner,KA03,Manual,Third Party insurance,Toffee Brown
52,2018 Hyundai i20,"7,78,500",Diesel Asta Option,2018,Mar 2018,Diesel,"49,599 Kms",1396 cc,1st Owner,KA02,Manual,Third Party insurance,Marina Blue
53,2013 Hyundai i20,"5,20,000",Asta 1.4 CRDi,2013,Feb 2014,Diesel,"36,094 Kms",1396 cc,2nd Owner,KA53,Manual,Third Party insurance,Bronze
54,2015 Hyundai Grand i10,"4,21,000",AT Asta,2015,Feb 2015,Petrol,"73,466 Kms",1197 cc,2nd Owner,KA04,Automatic,Third Party insurance,White
55,2017 Volkswagen Polo,"6,10,500",1.2 MPI Highline,2017,Jul 2017,Petrol,"66,352 Kms",1199 cc,1st Owner,KA01,Manual,Third Party insurance,Carbon Steel
56,2016 Volkswagen Polo,"5,90,000",1.2 MPI Highline,2016,Jul 2016,Petrol,"68,324 Kms",1199 cc,1st Owner,KA05,Manual,Third Party insurance,Candy white
57,2016 Volkswagen Polo,"6,65,000",GT TSI BSIV,2016,Jun 2016,Petrol,"81,080 Kms",1197 cc,1st Owner,KA04,Automatic,Third Party insurance,C s grey m
58,2013 Maruti Wagon R,"3,55,000",VXI BS IV,2013,Feb 2014,Petrol,"42,076 Kms",998 cc,1st Owner,KA41,Manual,Third Party insurance,Red
59,2018 Hyundai i20,"7,40,000",1.4 Sportz,2018,Feb 2019,Diesel,"60,764 Kms",1396 cc,1st Owner,KA42,Manual,Third Party insurance,White
60,2015 Maruti Alto 800,"2,90,000",LXI,2015,Jul 2015,Petrol,"53,375 Kms",796 cc,1st Owner,KA04,Manual,Third Party insurance,New Granite Grey
61,2014 Maruti Alto K10,"3,11,500",VXI,2014,Jul 2014,Petrol,"79,683 Kms",998 cc,1st Owner,KA03,Manual,Third Party insurance,Silky silver
62,2013 Volkswagen Polo,"4,50,000",Petrol Highline 1.2L,2013,May 2013,Petrol,"50,182 Kms",1198 cc,2nd Owner,11 2021,KA05,Manual,Comprehensive
63,2013 Hyundai i20,"4,45,000",Sportz 1.2,2013,Mar 2014,Petrol,"54,538 Kms",1197 cc,1st Owner,10 2021,KA02,Manual,Comprehensive
64,2012 Maruti Alto K10,"2,61,500",2010-2014 VXI,2012,Jul 2012,Petrol,"21,558 Kms",998 cc,1st Owner,KA09,Manual,Third Party insurance,Silver
65,2013 Maruti Wagon R,"3,80,000",VXI BS IV,2013,Jun 2013,Petrol,"17,219 Kms",998 cc,1st Owner,KA50,Manual,Third Party insurance,Silver
66,2017 Hyundai Grand i10,"5,15,000",Sportz,2017,Nov 2017,Petrol,"28,893 Kms",1197 cc,2nd Owner,KA51,Manual,Third Party insurance,Marina blue
67,2019 MG Hector,"18,70,000",Sharp AT BSIV,2019,Nov 2019,Petrol,"8,285 Kms",1451 cc,1st Owner,KA05,Automatic,Third Party insurance,Aurora silver
68,2016 Maruti Swift,"5,80,000",ZDI BSIV,2016,Mar 2017,Diesel,"83,814 Kms",1248 cc,2nd Owner,KA41,Manual,Third Party insurance,Grey
69,2014 Maruti Swift Dzire,"5,20,000",VXI,2014,Apr 2014,Petrol,"52,112 Kms",1197 cc,1st Owner,10 2021,KA41,Manual,Comprehensive
70,2017 Maruti Swift,"5,34,000",VDI BSIV,2017,Nov 2017,Diesel,"1,20,055 Kms",1248 cc,1st Owner,KA04,Manual,Third Party insurance,White
71,2013 Hyundai Santro Xing,"2,71,000",GL Plus,2013,Aug 2013,Petrol,"10,993 Kms",1086 cc,2nd Owner,KA04,Manual,Third Party insurance,White
72,2015 Hyundai Xcent,"4,60,000",1.2 Kappa S,2015,Feb 2015,Petrol,"42,673 Kms",1197 cc,2nd Owner,KA05,Manual,Third Party insurance,Red
73,2017 Hyundai Grand i10,"4,88,000",1.2 Kappa Era,2017,Mar 2018,Petrol,"42,613 Kms",1197 cc,1st Owner,KA41,Manual,Third Party insurance,Star dust
74,2020 Honda City,"10,50,000",V MT,2020,Mar 2020,Petrol,"19,530 Kms",1497 cc,1st Owner,KA01,Manual,Third Party insurance,White
75,2013 Hyundai Verna,"5,80,000",1.6 SX VTVT,2013,undefined 2013,Petrol,"54,857 Kms",1591 cc,1st Owner,12 2021,KA51,Manual,Comprehensive
76,2020 Hyundai Santro,"5,80,000",Sportz,2020,Feb 2021,Petrol,"8,595 Kms",1086 cc,1st Owner,KA01,Manual,Third Party insurance,Titan grey
77,2017 Maruti Alto K10,"3,41,500",VXI,2017,Mar 2017,Petrol,"15,004 Kms",998 cc,1st Owner,KA53,Manual,Third Party insurance,Mg grey
78,2012 Volkswagen Polo,"3,47,500",Diesel Trendline 1.2L,2012,Jul 2012,Diesel,"95,210 Kms",1199 cc,1st Owner,KA51,Manual,Third Party insurance,F RED
79,2014 Honda City,"5,73,500",i VTEC CVT SV,2014,Apr 2014,Petrol,"93,229 Kms",1497 cc,1st Owner,KA04,Automatic,Third Party insurance,T white
80,2015 Renault Duster,"5,80,000",Petrol RxL,2015,Jul 2015,Petrol,"51,188 Kms",1598 cc,2nd Owner,KA51,Manual,Third Party insurance,Red
81,2020 Maruti S-Presso,"4,84,500",VXI Plus,2020,Dec 2020,Petrol,"6,762 Kms",998 cc,1st Owner,KA04,Manual,Third Party insurance,Granite grey
82,2015 Maruti Wagon R,"4,00,000",VXI BS IV,2015,Jun 2015,Petrol,"31,510 Kms",998 cc,1st Owner,KA01,Manual,Third Party insurance,White
83,2011 Hyundai i20,"3,70,500",1.2 Asta,2011,Jul 2011,Petrol,"42,354 Kms",1197 cc,1st Owner,KA04,Manual,Third Party insurance,Silver
84,2019 Maruti Vitara Brezza,"8,82,000",VDi,2019,Jun 2019,Diesel,"26,456 Kms",1248 cc,2nd Owner,ka05,Manual,Third Party insurance,Pearl artic white
85,2015 Maruti Swift,"4,69,500",VXI BSIV,2015,Dec 2015,Petrol,"80,985 Kms",1197 cc,2nd Owner,KA07,Manual,Third Party insurance,Silksilver
86,2014 Hyundai i20,"4,58,000",Sportz 1.2,2014,Sept 2014,Petrol,"46,414 Kms",1197 cc,1st Owner,KA01,Manual,Third Party insurance,CORALWHITE
87,2015 Maruti Swift,"5,25,000",VXI BSIV,2015,Sept 2015,Petrol,"42,501 Kms",1197 cc,1st Owner,KA01,Manual,Third Party insurance,Grey
88,2015 Maruti Swift,"5,10,000",DDiS VDI,2015,Feb 2016,Diesel,"1,28,642 Kms",1248 cc,1st Owner,KA53,Manual,Third Party insurance,Pa white
89,2012 Maruti Alto 800,"2,10,500",LXI,2012,Dec 2012,Petrol,"1,03,396 Kms",796 cc,1st Owner,KA03,Manual,Third Party insurance,Silky silver
90,2014 Maruti Swift Dzire,"5,40,000",VXI,2014,Feb 2015,Petrol,"30,976 Kms",1197 cc,1st Owner,KA53,Manual,Third Party insurance,Grey
91,2012 Hyundai i10,"3,43,000",Sportz AT,2012,May 2012,Petrol,"38,826 Kms",1197 cc,2nd Owner,KA50,Automatic,Third Party insurance,CARBN GREY
92,2016 Maruti Swift,"5,40,000",VVT VXI,2016,Nov 2016,Petrol,"45,056 Kms",1197 cc,1st Owner,KA02,Manual,Third Party insurance,Pa white
93,2014 Maruti Swift,"5,08,500",VXI,2014,Feb 2015,Petrol,"54,385 Kms",1197 cc,1st Owner,KA04,Manual,Third Party insurance,Mg grey
94,2013 Hyundai Grand i10,"4,00,000",CRDi Sportz,2013,May 2014,Diesel,"94,998 Kms",1120 cc,2nd Owner,KA03,Manual,Third Party insurance,Star dust
95,2014 Maruti Celerio,"4,10,000",VXI AT,2014,Aug 2014,Petrol,"47,846 Kms",998 cc,2nd Owner,KA04,Automatic,Third Party insurance,S silver
96,2011 Hyundai i10,"3,10,000",Sportz,2011,Mar 2011,Petrol,"48,394 Kms",1197 cc,2nd Owner,KA01,Manual,Third Party insurance,Red
97,2016 Maruti Wagon R,"4,15,500",VXI,2016,Apr 2016,Petrol,"20,849 Kms",998 cc,1st Owner,KA04,Manual,Not Available,PASSIONRED
98,2013 Maruti Swift Dzire,"4,80,000",VXI,2013,Nov 2013,Petrol,"92,064 Kms",1197 cc,1st Owner,KA02,Manual,Third Party insurance,MG Grey
99,2011 Hyundai i10,"2,99,500",Sportz AT,2011,Aug 2011,Petrol,"76,797 Kms",1197 cc,2nd Owner,KA01,Automatic,Third Party insurance,G RED
100,2015 Hyundai Grand i10,"4,73,000",AT Asta,2015,Feb 2015,Petrol,"63,362 Kms",1197 cc,2nd Owner,KA51,Automatic,Third Party insurance,Winered
101,2019 Hyundai Santro,"5,09,000",Magna,2019,Jun 2019,Petrol,"8,890 Kms",1086 cc,1st Owner,KA01,Manual,Third Party insurance,Diana green
102,2015 Maruti Swift Dzire,"4,81,500",VXI,2015,Jul 2015,Petrol,"81,650 Kms",1197 cc,2nd Owner,KA12,Manual,Third Party insurance,MM GREY
103,2017 Hyundai Grand i10,"5,09,500",Sportz,2017,Feb 2017,Petrol,"48,801 Kms",1197 cc,2nd Owner,KA41,Manual,Third Party insurance,Pure white
104,2014 Maruti Alto 800,"2,71,000",LXI,2014,Dec 2014,Petrol,"36,297 Kms",796 cc,1st Owner,KA51,Manual,Third Party insurance,White
105,2019 Hyundai i20,"8,50,000",1.2 Asta Option,2019,Feb 2020,Petrol,"49,014 Kms",1197 cc,1st Owner,KA52,Manual,Third Party insurance,Fiery red
106,2018 Hyundai i20,"7,80,000",1.2 Asta,2018,Jun 2018,Petrol,"19,278 Kms",1197 cc,1st Owner,KA53,Manual,Third Party insurance,White
107,2012 Maruti Swift,"3,93,000",VXI,2012,Jun 2012,Petrol,"96,681 Kms",1197 cc,1st Owner,KA01,Manual,Third Party insurance,MG grey
108,2013 Hyundai i20,"4,07,000",Magna Optional 1.2,2013,Dec 2013,Petrol,"64,423 Kms",1197 cc,1st Owner,KA03,Manual,Third Party insurance,Grey
109,2018 Maruti Wagon R,"4,38,500",VXI Opt,2018,Mar 2018,Petrol,"65,783 Kms",998 cc,1st Owner,KA05,Manual,Third Party insurance,S SILVER
110,2014 Maruti Alto K10,"2,87,000",VXI,2014,Oct 2014,Petrol,"79,918 Kms",998 cc,1st Owner,KA04,Manual,Third Party insurance,Sup White
111,2014 Hyundai Grand i10,"4,50,000",AT Sportz,2014,Apr 2014,Petrol,"57,865 Kms",1197 cc,2nd Owner,5 2022,KA53,Automatic,Third Party
112,2017 Maruti Ignis,"4,98,500",1.2 Delta BSIV,2017,Feb 2018,Petrol,"33,120 Kms",1197 cc,1st Owner,KA04,Manual,Third Party insurance,S silver
113,2013 Maruti Swift Dzire,"4,42,000",VXI,2013,Aug 2013,Petrol,"72,015 Kms",1197 cc,1st Owner,KA50,Manual,Third Party insurance,S silver
114,2018 Maruti Wagon R,"3,90,500",VXI,2018,Dec 2018,Petrol,"72,975 Kms",998 cc,1st Owner,KA50,Manual,Third Party insurance,Red
115,2013 Maruti Swift Dzire,"4,39,000",VXI,2013,undefined 2013,Petrol,"62,751 Kms",1197 cc,2nd Owner,KA01,Manual,Third Party insurance,G grey
116,2014 Maruti Celerio,"3,30,500",VXi AMT,2014,Dec 2014,Petrol,"1,16,281 Kms",998 cc,2nd Owner,Ka03,Automatic,Third Party insurance,Silky silver
117,2012 Hyundai i20,"3,40,000",Era 1.4 CRDi,2012,Jun 2012,Diesel,"84,098 Kms",1396 cc,2nd Owner,KA05,Manual,Third Party insurance,White
118,2009 Maruti Swift,"3,25,000",1.3 VXi,2009,Aug 2009,Petrol,"91,025 Kms",1298 cc,1st Owner,KA03,Manual,Third Party insurance,Black
119,2017 Maruti Wagon R,"4,39,500",VXI,2017,Mar 2017,Petrol,"20,912 Kms",998 cc,1st Owner,KA41,Manual,Third Party insurance,Silver
120,2012 Maruti Alto K10,"2,52,000",2010-2014 VXI,2012,Jul 2012,Petrol,"31,447 Kms",998 cc,1st Owner,KA05,Manual,Third Party insurance,Me beige
121,2018 Maruti Wagon R,"4,50,000",VXI,2018,May 2018,Petrol,"25,722 Kms",998 cc,1st Owner,KA24,Manual,Third Party insurance,Grey
122,2013 Maruti Swift Dzire,"4,70,000",VXI,2013,Sept 2013,Petrol,"76,321 Kms",1197 cc,2nd Owner,KA04,Manual,Third Party insurance,Serene blue
123,2009 Maruti Swift Dzire,"3,55,000",VXI,2009,Mar 2010,Petrol,"33,566 Kms",1197 cc,1st Owner,KA05,Manual,Third Party insurance,White
124,2016 Maruti Swift,"5,46,500",VXI BSIV,2016,May 2016,Petrol,"29,509 Kms",1197 cc,1st Owner,KA05,Manual,Third Party insurance,Silver
125,2014 Hyundai Grand i10,"3,90,000",Sportz,2014,Jun 2014,Petrol,"46,709 Kms",1197 cc,2nd Owner,KA05,Manual,Third Party insurance,G orange
126,2014 Maruti Swift,"4,47,500",VXI,2014,Nov 2014,Petrol,"78,211 Kms",1197 cc,1st Owner,KA03,Manual,Third Party insurance,White
127,2015 Hyundai EON,"2,92,500",Sportz,2015,Oct 2015,Petrol,"1,00,846 Kms",814 cc,1st Owner,KA04,Manual,Third Party insurance,Stardust
128,2014 Maruti Alto 800,"2,26,000",LXI,2014,May 2014,Petrol,"83,257 Kms",796 cc,2nd Owner,KA05,Manual,Third Party insurance,Grey
129,2012 Hyundai i20,"3,70,500",Asta 1.4 CRDi,2012,Mar 2012,Diesel,"1,00,610 Kms",1396 cc,1st Owner,KA03,Manual,Third Party insurance,Silver
130,2014 Hyundai Grand i10,"4,35,000",Asta Option,2014,undefined 2014,Petrol,"70,544 Kms",1197 cc,1st Owner,KA51,Manual,Third Party insurance,Red
131,2014 Maruti Celerio,"3,42,500",VXI AT,2014,Oct 2014,Petrol,"83,078 Kms",998 cc,2nd Owner,KA04,Automatic,Third Party insurance,Red
132,2017 Volkswagen Polo,"6,65,000",1.2 MPI Highline,2017,May 2017,Petrol,"33,505 Kms",1199 cc,1st Owner,KA05,Manual,Third Party insurance,Grey
133,2016 Honda Brio,"4,25,000",1.2 S MT,2016,Mar 2017,Petrol,"25,479 Kms",1198 cc,1st Owner,KA05,Manual,Third Party insurance,Silver
134,2017 Ford Figo,"5,33,500",Titanium Diesel,2017,undefined 2017,Diesel,"1,21,310 Kms",1499 cc,1st Owner,KA25,Manual,Third Party insurance,Silver
135,2011 Hyundai i20,"4,20,000",1.2 Asta,2011,Feb 2012,Petrol,"38,913 Kms",1197 cc,2nd Owner,KA01,Manual,Third Party insurance,MA red
136,2018 Maruti Wagon R,"4,38,500",VXI,2018,Feb 2019,Petrol,"25,412 Kms",998 cc,2nd Owner,KA18,Manual,Third Party insurance,Superior white
137,2015 Honda Jazz,"5,80,000",1.5 VX i DTEC,2015,Aug 2015,Diesel,"42,443 Kms",1498 cc,1st Owner,KA05,Manual,Third Party insurance,Orange
138,2016 Maruti Alto 800,"2,96,500",VXI,2016,Jul 2016,Petrol,"34,906 Kms",796 cc,2nd Owner,KA03,Manual,Third Party insurance,Blazing red
139,2011 Hyundai i10,"2,83,500",Sportz,2011,Feb 2012,Petrol,"93,007 Kms",1197 cc,2nd Owner,KA19,Manual,Third Party insurance,Silver
140,2013 Skoda Rapid,"7,74,000",1.6 MPI Elegance,2013,Sept 2013,Petrol,"1,29,321 Kms",1598 cc,2nd Owner,KA41,Manual,Third Party insurance,White
141,2016 Mahindra TUV 300,"6,95,000",T8,2016,Apr 2017,Diesel,"1,15,328 Kms",1493 cc,2nd Owner,KA63,Manual,Third Party insurance,Orange
142,2017 Honda Jazz,"6,02,500",V CVT,2017,Jul 2017,Petrol,"64,348 Kms",1199 cc,2nd Owner,KA03,Automatic,Third Party insurance,C redpearl
143,2015 Maruti Alto 800,"2,71,500",VXI,2015,Dec 2015,Petrol,"31,308 Kms",796 cc,2nd Owner,KA53,Manual,Third Party insurance,Tarqueblue
144,2017 Maruti Alto 800,"3,17,500",VXI Optional,2017,Mar 2018,Petrol,"31,265 Kms",796 cc,1st Owner,KA02,Manual,Third Party insurance,Pc blue
145,2014 Hyundai Grand i10,"4,50,000",Sportz,2014,Mar 2015,Petrol,"30,613 Kms",1197 cc,1st Owner,KA05,Manual,Third Party insurance,Blue
146,2017 Maruti Baleno,"6,30,000",1.2 CVT Zeta,2017,Aug 2017,Petrol,"71,324 Kms",1197 cc,2nd Owner,KA05,Automatic,Third Party insurance,White
147,2017 Maruti Swift,"5,28,500",VXI,2017,Sept 2017,Petrol,"40,233 Kms",1197 cc,1st Owner,KA43,Manual,Third Party insurance,M G GREY
148,2014 Maruti Swift,"5,00,000",VXI,2014,Nov 2014,Petrol,"44,344 Kms",1197 cc,1st Owner,KA51,Manual,Third Party insurance,White
149,2011 Maruti Swift Dzire,"3,40,000",VXI,2011,Apr 2011,Petrol,"74,052 Kms",1197 cc,1st Owner,KA51,Manual,Third Party insurance,B red
150,2017 Maruti Wagon R,"3,92,000",VXI,2017,Jun 2017,Petrol,"28,513 Kms",998 cc,2nd Owner,KA47,Manual,Third Party insurance,Silver
151,2012 Hyundai i10,"2,69,500",Era,2012,Dec 2012,Petrol,"55,489 Kms",1086 cc,1st Owner,KA05,Manual,Third Party insurance,Silver
152,2017 Hyundai Grand i10,"6,00,000",1.2 Kappa Asta,2017,Feb 2018,Petrol,"13,203 Kms",1197 cc,1st Owner,KA51,Manual,Not Available,Red
153,2014 Maruti Swift Dzire,"4,54,500",VXI,2014,undefined 2014,Petrol,"14,639 Kms",1197 cc,2nd Owner,KA51,Manual,Third Party insurance,Grey
154,2016 Honda Jazz,"6,04,000",V CVT,2016,Mar 2016,Petrol,"37,877 Kms",1199 cc,2nd Owner,9 2021,KA50,Automatic,Third Party insurance
155,2015 Ford Figo Aspire,"4,29,500",Trend Diesel,2015,Feb 2016,Diesel,"53,736 Kms",1499 cc,1st Owner,KA34,Manual,Third Party insurance,White
156,2016 Maruti Celerio,"3,89,500",VXI AMT BSIV,2016,Jul 2016,Petrol,"26,897 Kms",998 cc,2nd Owner,KA03,Automatic,Third Party insurance,Silver
157,2012 Hyundai i10,"3,30,000",Magna 1.1L,2012,Jul 2012,Petrol,"30,930 Kms",1086 cc,1st Owner,KA01,Manual,Third Party insurance,Red
158,2011 Maruti Swift,"4,10,000",VDI,2011,Jul 2011,Diesel,"86,915 Kms",1248 cc,1st Owner,KA03,Manual,Third Party insurance,Silver
159,2010 Maruti Swift,"3,41,000",VXi BSIV,2010,Nov 2010,Petrol,"37,588 Kms",1197 cc,1st Owner,KA01,Manual,Third Party insurance,Black
160,2013 Honda Brio,"4,00,000",VX AT,2013,Feb 2014,Petrol,"84,749 Kms",1198 cc,1st Owner,KA04,Automatic,Third Party insurance,Grey
161,2013 Maruti Swift,"4,45,000",VDI,2013,Oct 2013,Diesel,"1,07,420 Kms",1248 cc,1st Owner,KA50,Manual,Third Party insurance,Grey
162,2015 Hyundai Xcent,"5,01,000",1.2 Kappa S,2015,May 2015,Petrol,"34,199 Kms",1197 cc,1st Owner,KA53,Manual,Third Party insurance,Pure white
163,2020 Maruti Baleno,"9,49,000",Zeta CVT,2020,Nov 2020,Petrol,"18,128 Kms",1197 cc,1st Owner,KA51,Automatic,Third Party insurance,Blue
164,2016 Maruti Celerio,"4,61,000",ZXI Optional,2016,Oct 2016,Petrol,"33,539 Kms",998 cc,1st Owner,KA05,Manual,Third Party insurance,Blazing Red
165,2017 Renault KWID,"3,89,000",1.0 RXT BSIV,2017,Jul 2017,Petrol,"26,120 Kms",999 cc,2nd Owner,KA53,Manual,Third Party insurance,Grey
166,2018 Tata Tiago,"5,05,000",1.2 Revotron XZ,2018,Aug 2018,Petrol,"49,969 Kms",1199 cc,1st Owner,KA51,Manual,Third Party insurance,Titanium Grey
167,2017 Maruti Alto 800,"3,43,000",LXI,2017,Dec 2017,Petrol,"21,949 Kms",796 cc,2nd Owner,KA41,Manual,Third Party insurance,Granite Grey
168,2020 Hyundai Grand i10 Nios,"7,42,000",Sportz,2020,Mar 2020,Petrol,"23,095 Kms",1197 cc,1st Owner,KA41,Manual,Third Party insurance,Fiery Red
169,2020 Tata Nexon,"12,00,000",XZA Plus (O) AMT,2020,Jun 2020,Petrol,"25,925 Kms",1199 cc,1st Owner,KA03,Automatic,Third Party insurance,Calgary White
170,2019 Hyundai Grand i10 Nios,"8,11,500",AMT Sportz,2019,undefined 2019,Petrol,"15,370 Kms",1197 cc,1st Owner,KA03,Automatic,Third Party insurance,Blue
171,2019 Hyundai Venue,"11,90,000",SX Plus Turbo DCT,2019,Sept 2019,Petrol,"9,048 Kms",998 cc,1st Owner,KA03,Automatic,Third Party insurance,Denim Blue
172,2021 Maruti Celerio,"6,40,000",VXI CNG Optional BSIV,2021,Apr 2021,CNG,"6,973 Kms",998 cc,1st Owner,Ka03,Manual,Third Party insurance,Glistening Grey
173,2019 Maruti Baleno,"7,92,500",Zeta,2019,Nov 2019,Petrol,"15,341 Kms",1197 cc,1st Owner,KA05,Manual,Third Party insurance,Blue
174,2014 Hyundai i20,"5,67,000",Sportz 1.2,2014,Feb 2015,Petrol,"76,453 Kms",1197 cc,1st Owner,KA02,Manual,Third Party insurance,Passion Red
175,2021 Maruti Swift Dzire,"9,95,000",AMT ZXI Plus,2021,Mar 2021,Petrol,"4,529 Kms",1197 cc,1st Owner,KA51,Automatic,Third Party insurance,Magma Grey
176,2015 Volkswagen Polo,"6,28,500",1.5 TDI Comfortline,2015,Mar 2017,Diesel,"41,696 Kms",1498 cc,1st Owner,KA02,Manual,Third Party insurance,Orange
177,2017 Hyundai Creta,"13,06,000",1.6 VTVT SX Plus,2017,undefined 2017,Petrol,"27,887 Kms",1591 cc,1st Owner,KA01,Manual,Third Party insurance,Red
178,2018 Mahindra TUV 300,"9,19,500",T10,2018,Nov 2018,Diesel,"6,456 Kms",1493 cc,1st Owner,KA04,Manual,Third Party insurance,Red
179,2016 Maruti Celerio,"4,97,500",VXI AMT,2016,Apr 2016,Petrol,"26,747 Kms",998 cc,1st Owner,3 2022,KA03,Automatic,Comprehensive
180,2015 Honda Brio,"5,03,500",VX AT,2015,Mar 2016,Petrol,"16,949 Kms",1198 cc,2nd Owner,KA03,Automatic,Third Party insurance,Rallye Red
181,2016 Hyundai i20 Active,"6,65,500",S Petrol,2016,Apr 2016,Petrol,"27,183 Kms",1197 cc,1st Owner,KA53,Manual,Third Party insurance,Polar White
182,2021 Tata Altroz,"9,71,000",XZ Diesel,2021,Feb 2021,Diesel,"2,226 Kms",1497 cc,1st Owner,KA03,Manual,Third Party insurance,Downtown Red
183,2020 Kia Sonet,"13,02,000",1.5 HTX Diesel,2020,undefined 2020,Diesel,"7,596 Kms",1493 cc,1st Owner,KA01,Manual,Third Party insurance,Glacier White Pearl
184,2018 Hyundai i20,"7,20,000",1.2 Asta,2018,Nov 2018,Petrol,"32,255 Kms",1197 cc,1st Owner,KA02,Manual,Third Party insurance,P white
185,2017 Datsun RediGO,"2,78,500",S,2017,Jun 2017,Petrol,"26,054 Kms",799 cc,1st Owner,KA01,Manual,Third Party insurance,Red
186,2014 Hyundai Grand i10,"3,95,000",Magna Petrol BSIV,2014,Feb 2015,Petrol,"88,706 Kms",1197 cc,1st Owner,KA53,Manual,Third Party insurance,Blue
187,2017 Mahindra XUV500,"11,78,000",W6 2WD,2017,May 2017,Diesel,"30,806 Kms",2179 cc,2nd Owner,KA03,Manual,Third Party insurance,White
188,2020 Tata Altroz,"9,25,000",XZ Diesel,2020,Nov 2020,Diesel,"34,050 Kms",1497 cc,1st Owner,KA04,Manual,Third Party insurance,Avenue White
189,2015 Honda Amaze,"5,00,000",S i-Vtech,2015,Jul 2015,Petrol,"27,259 Kms",1198 cc,1st Owner,KA03,Manual,Third Party insurance,Gold brown
190,2016 Honda Amaze,"5,10,000",SX i VTEC,2016,undefined 2016,Petrol,"38,363 Kms",1198 cc,1st Owner,12 2021,KA03,Manual,Comprehensive
191,2018 Hyundai Grand i10,"6,33,000",Sportz,2018,Feb 2019,Petrol,"13,704 Kms",1197 cc,1st Owner,KA05,Manual,Third Party insurance,Pure white
192,2015 Hyundai i20,"5,70,000",Sportz 1.2,2015,Feb 2016,Petrol,"41,061 Kms",1197 cc,1st Owner,KA41,Manual,Third Party insurance,Red
193,2013 Honda Amaze,"3,95,000",EX i-Vtech,2013,Jul 2013,Petrol,"45,561 Kms",1198 cc,1st Owner,KA05,Manual,Third Party insurance,Alabaster Silver Metallic - Amaze
194,2014 Hyundai Xcent,"4,95,000",1.2 Kappa AT SX Option,2014,undefined 2014,Petrol,"40,982 Kms",1197 cc,2nd Owner,KA03,Automatic,Third Party insurance,Pure white
195,2018 Maruti Swift,"6,87,000",AMT VXI,2018,undefined 2018,Petrol,"14,857 Kms",1197 cc,1st Owner,KA01,Automatic,Third Party insurance,Blue
196,2018 Maruti Swift Dzire,"6,98,000",VXI 1.2 BS IV,2018,Nov 2018,Petrol,"26,453 Kms",1197 cc,1st Owner,KA05,Manual,Third Party insurance,Pa white
197,2019 Maruti Swift,"7,65,000",ZXI BSIV,2019,Sept 2019,Petrol,"9,483 Kms",1197 cc,1st Owner,KA05,Manual,Third Party insurance,White
198,2016 Renault KWID,"3,60,000",RXT,2016,Mar 2016,Petrol,"17,126 Kms",799 cc,1st Owner,KA04,Manual,Third Party insurance,Red
199,2017 Maruti Swift Dzire,"7,05,000",VXI 1.2 BS IV,2017,Feb 2018,Petrol,"3,203 Kms",1197 cc,1st Owner,KA03,Manual,Third Party insurance,Silky silver
200,2021 Nissan Magnite,"6,34,000",XE,2021,Sept 2021,Petrol,284 Kms,999 cc,1st Owner,KA03,Manual,Third Party insurance,Blade Silver
201,2016 Renault Duster,"7,40,000",Petrol RxL,2016,Aug 2016,Petrol,"12,979 Kms",1598 cc,1st Owner,KA03,Manual,Third Party insurance,White
202,2020 Renault KWID,"4,53,000",RXL,2020,Sept 2020,Petrol,"13,436 Kms",799 cc,1st Owner,12 2021,KA22,Manual,Comprehensive
203,2018 Tata Tiago,"4,48,500",1.2 Revotron XM,2018,Feb 2019,Petrol,"31,657 Kms",1199 cc,1st Owner,KA36,Manual,Third Party insurance,TITANIUM GREY
204,2020 Tata Nexon,"12,57,000",XZA Plus (O) AMT,2020,Aug 2020,Petrol,"7,286 Kms",1199 cc,1st Owner,KA51,Automatic,Third Party insurance,Flame Red
205,2018 Maruti Baleno,"7,74,000",Alpha,2018,Dec 2018,Petrol,"17,395 Kms",1197 cc,1st Owner,KA04,Manual,Third Party insurance,Nexa Blue
206,2014 Maruti Ertiga,"6,54,000",VXI,2014,Apr 2014,Petrol,"33,478 Kms",1373 cc,1st Owner,KA04,Manual,Third Party insurance,Serene Blue
207,2016 Mahindra TUV 300,"6,35,500",T8,2016,Feb 2016,Diesel,"57,499 Kms",1493 cc,1st Owner,KA50,Manual,Third Party insurance,Missilver
208,2011 Volkswagen Vento,"4,20,000",Petrol Highline,2011,Jun 2012,Petrol,"67,609 Kms",1598 cc,1st Owner,5 2022,KA51,Manual,Comprehensive
209,2020 Hyundai Venue,"9,11,000",S Plus,2020,Nov 2020,Petrol,"4,347 Kms",1197 cc,1st Owner,KA03,Manual,Third Party insurance,Denim Blue
210,2013 Honda City,"5,30,000",V MT,2013,Jul 2013,Petrol,"67,042 Kms",1498 cc,2nd Owner,6 2022,KA53,Manual,Comprehensive
211,2016 Honda Jazz,"5,42,500",V,2016,Nov 2016,Petrol,"55,767 Kms",1199 cc,1st Owner,KA05,Manual,Third Party insurance,Silver
212,2018 Datsun RediGO,"3,65,000",AMT 1.0 S,2018,Apr 2018,Petrol,"37,901 Kms",999 cc,1st Owner,KA51,Automatic,Third Party insurance,Silver
213,2018 Renault Duster,"9,77,000",Petrol RXS CVT,2018,Jul 2018,Petrol,"15,043 Kms",1498 cc,1st Owner,KA03,Automatic,Third Party insurance,OUTBACK BRONZE
214,2016 Maruti Celerio,"4,69,000",ZXI,2016,Jul 2016,Petrol,"41,571 Kms",998 cc,1st Owner,KA03,Manual,Third Party insurance,Silky silver
215,2016 Maruti Baleno,"5,51,000",1.2 Sigma,2016,May 2016,Petrol,"36,659 Kms",1197 cc,1st Owner,KA04,Manual,Third Party insurance,Blue
216,2018 Renault KWID,"4,15,000",RXT,2018,Sept 2018,Petrol,"10,096 Kms",799 cc,1st Owner,KA53,Manual,Third Party insurance,OUTBACK BRONZE
217,2015 Honda Amaze,"5,14,000",VX i-Vtech,2015,Apr 2015,Petrol,"58,234 Kms",1198 cc,1st Owner,3 2022,KA02,Manual,Comprehensive
218,2018 Renault KWID,"4,40,000",1.0 RXT AMT,2018,undefined 2018,Petrol,"19,349 Kms",999 cc,1st Owner,11 2021,KA09,Automatic,Comprehensive
219,2015 Maruti Celerio,"4,40,000",VXI AT,2015,Sept 2015,Petrol,"26,535 Kms",998 cc,2nd Owner,KA05,Automatic,Third Party insurance,Grey
220,2016 Tata Tiago,"4,45,500",1.05 Revotorq XT,2016,Sept 2016,Diesel,"43,904 Kms",1047 cc,1st Owner,KA04,Manual,Third Party insurance,P S WHITE
221,2016 Datsun RediGO,"2,65,000",S,2016,Dec 2016,Petrol,"34,301 Kms",799 cc,1st Owner,KA01,Manual,Third Party insurance,Red
222,2017 Hyundai Grand i10,"4,90,000",Era,2017,Sept 2017,Petrol,"11,717 Kms",1197 cc,1st Owner,KA32,Manual,Third Party insurance,Sleek Silver
223,2017 Hyundai Verna,"9,84,000",VTVT 1.6 SX,2017,Feb 2018,Petrol,"14,197 Kms",1591 cc,1st Owner,KA05,Manual,Third Party insurance,Silver
224,2016 Hyundai Grand i10,"4,83,000",1.2 Kappa Magna BSIV,2016,Sept 2016,Petrol,"22,668 Kms",1197 cc,1st Owner,KA51,Manual,Third Party insurance,White
225,2018 Maruti Eeco,"4,40,500",5 Seater AC BSIV,2018,Jul 2018,Petrol,"18,939 Kms",1196 cc,1st Owner,KA05,Manual,Third Party insurance,Mg grey
226,2017 Hyundai EON,"3,03,500",Magna Plus,2017,Feb 2018,Petrol,"16,152 Kms",814 cc,1st Owner,KA03,Manual,Third Party insurance,Blue
227,2017 Maruti Wagon R,"4,04,500",VXI Plus Optional,2017,Jul 2017,Petrol,"30,514 Kms",998 cc,1st Owner,KA51,Manual,Third Party insurance,Blue
228,2018 Maruti Ciaz,"9,99,000",Alpha,2018,Feb 2019,Petrol,"35,114 Kms",1462 cc,1st Owner,KA03,Manual,Third Party insurance,Nexa Blue
229,2018 Renault KWID,"3,68,500",RXT,2018,Nov 2018,Petrol,"22,915 Kms",799 cc,1st Owner,KA02,Manual,Third Party insurance,Red
230,2018 Maruti Baleno,"7,10,000",1.2 CVT Zeta,2018,Oct 2018,Petrol,"30,402 Kms",1197 cc,1st Owner,KA04,Automatic,Third Party insurance,P A white
231,2017 Maruti Vitara Brezza,"7,79,000",VDi,2017,Jul 2017,Diesel,"72,507 Kms",1248 cc,1st Owner,KA50,Manual,Third Party insurance,White
232,2020 Maruti XL6,"12,52,000",Alpha AT,2020,Oct 2020,Petrol,"9,868 Kms",1462 cc,1st Owner,KA04,Automatic,Third Party insurance,Brave Khaki
233,2017 Hyundai Grand i10,"5,01,500",1.2 Kappa Sportz Option AT,2017,Dec 2017,Petrol,"51,540 Kms",1197 cc,2nd Owner,KA51,Automatic,Third Party insurance,Orange
234,2017 Maruti Alto K10,"3,65,000",VXI,2017,Oct 2017,Petrol,"22,724 Kms",998 cc,2nd Owner,KA53,Manual,Third Party insurance,Fire Brick Red
235,2018 Maruti Baleno,"8,07,000",1.2 CVT Alpha,2018,Mar 2018,Petrol,"15,812 Kms",1197 cc,2nd Owner,KA01,Automatic,Third Party insurance,Blue
236,2018 Maruti Wagon R,"4,55,000",VXI,2018,Mar 2018,Petrol,"26,005 Kms",998 cc,2nd Owner,KA05,Manual,Third Party insurance,Red
237,2013 Honda Amaze,"4,50,500",S i-Vtech,2013,Oct 2013,Petrol,"25,082 Kms",1198 cc,1st Owner,KA51,Manual,Third Party insurance,Urban Titanium Metallic
238,2019 Hyundai Venue,"10,45,000",SX Turbo,2019,Dec 2019,Petrol,"13,506 Kms",998 cc,1st Owner,KA03,Manual,Third Party insurance,Denim blue
239,2016 Hyundai Grand i10,"6,13,500",Asta Option,2016,Oct 2016,Petrol,"20,517 Kms",1197 cc,1st Owner,KA04,Manual,Third Party insurance,Wine Red
240,2010 Maruti Swift,"3,12,000",VXi BSIV,2010,Oct 2010,Petrol,"43,221 Kms",1197 cc,2nd Owner,KA01,Manual,Third Party insurance,Grey
241,2012 Maruti Alto K10,"2,42,500",VXI,2012,Jun 2012,Petrol,"59,102 Kms",998 cc,1st Owner,KA02,Manual,Third Party insurance,Silver
242,2011 Maruti Swift,"3,50,000",VDI BSIV,2011,Jun 2011,Diesel,"77,968 Kms",1248 cc,2nd Owner,KA05,Manual,Third Party insurance,S silver
243,2019 Hyundai Santro,"5,25,000",Asta,2019,Jul 2019,Petrol,"20,021 Kms",1086 cc,1st Owner,KA51,Manual,Third Party insurance,Marina blue
244,2018 Hyundai EON,"3,86,000",Magna Plus,2018,Jun 2018,Petrol,"15,541 Kms",814 cc,1st Owner,5 2022,KA01,Manual,Comprehensive
245,2018 Maruti Alto K10,"4,10,000",VXI AGS Optional,2018,Jun 2018,Petrol,"28,129 Kms",998 cc,1st Owner,KA51,Automatic,Third Party insurance,Fire Brick Red
246,2013 Honda Brio,"3,90,500",S MT,2013,May 2013,Petrol,"69,759 Kms",1198 cc,1st Owner,KA03,Manual,Third Party insurance,Urban Titanium
247,2013 Maruti Swift Dzire,"4,86,000",VXI,2013,Sept 2013,Petrol,"80,020 Kms",1197 cc,1st Owner,KA51,Manual,Third Party insurance,Grey
248,2014 Hyundai EON,"3,10,000",Magna Plus,2014,Aug 2014,Petrol,"59,244 Kms",814 cc,1st Owner,KA22,Manual,Third Party insurance,Grey
249,2015 Hyundai i20,"6,10,000",Sportz Option 1.2,2015,Mar 2015,Petrol,"54,120 Kms",1197 cc,1st Owner,KA01,Manual,Third Party insurance,Star Dust
250,2018 Maruti Baleno,"7,50,000",1.3 Delta,2018,Mar 2018,Diesel,"53,056 Kms",1248 cc,1st Owner,KA05,Manual,Third Party insurance,White
251,2016 Renault KWID,"3,15,000",RXL,2016,May 2016,Petrol,"66,310 Kms",799 cc,1st Owner,KA02,Manual,Third Party insurance,ICE Cool White
252,2015 Maruti Ciaz,"4,68,000",ZXi,2015,Feb 2015,Petrol,"1,44,343 Kms",1373 cc,1st Owner,KA40,Manual,Third Party insurance,Red
253,2014 Maruti Wagon R,"3,86,000",VXI,2014,Feb 2015,Petrol,"57,373 Kms",998 cc,1st Owner,KA03,Manual,Third Party insurance,Solid White
254,2018 Maruti Ciaz,"10,09,000",Alpha Automatic BSIV,2018,Dec 2018,Petrol,"24,759 Kms",1462 cc,1st Owner,KA51,Automatic,Third Party insurance,White
255,2014 Tata Nano,"1,78,000",Twist XT,2014,Apr 2014,Petrol,"38,332 Kms",624 cc,1st Owner,KA03,Manual,Third Party insurance,Pearl White
256,2016 Maruti Alto K10,"4,13,000",VXI AMT,2016,May 2017,Petrol,"25,604 Kms",998 cc,1st Owner,KA41,Automatic,Third Party insurance,Silky silver
257,2015 Maruti Swift,"5,60,000",VXI,2015,Sept 2015,Petrol,"29,560 Kms",1197 cc,1st Owner,KA04,Manual,Third Party insurance,Pearl Arctic White
258,2017 Hyundai Grand i10,"5,48,000",1.2 Kappa Sportz BSIV,2017,Feb 2018,Petrol,"66,211 Kms",1197 cc,1st Owner,KA01,Manual,Third Party insurance,Polar White
259,2016 Renault KWID,"3,80,000",RXT,2016,Jul 2016,Petrol,"6,989 Kms",799 cc,1st Owner,6 2022,KA09,Manual,Comprehensive
260,2015 Maruti Ritz,"4,62,000",VDi,2015,Mar 2016,Diesel,"38,369 Kms",1248 cc,1st Owner,KA02,Manual,Third Party insurance,Silky silver
261,2014 Maruti Swift,"5,15,000",VXI,2014,Sept 2014,Petrol,"38,663 Kms",1197 cc,1st Owner,KA03,Manual,Third Party insurance,Pearl Arctic White
262,2019 Mahindra XUV300,"10,39,000",W6 Diesel,2019,Sept 2019,Diesel,"5,868 Kms",1497 cc,1st Owner,KA05,Manual,Third Party insurance,Aquamarine
263,2018 Hyundai i20,"7,70,000",1.2 Asta Option,2018,Feb 2019,Petrol,"55,362 Kms",1197 cc,1st Owner,KA41,Manual,Third Party insurance,Polar White
264,2015 Hyundai i20,"6,07,000",Asta 1.2,2015,Jul 2015,Petrol,"45,150 Kms",1197 cc,2nd Owner,KA50,Manual,Third Party insurance,Polar White
265,2017 Maruti Swift,"7,30,000",DDiS ZDI,2017,Nov 2017,Diesel,"32,110 Kms",1248 cc,1st Owner,KA50,Manual,Third Party insurance,Red
266,2014 Maruti Wagon R,"4,10,000",VXI BS IV,2014,Dec 2014,Petrol,"42,062 Kms",998 cc,1st Owner,KA41,Manual,Third Party insurance,Silver
267,2017 Maruti Swift Dzire,"6,90,000",AMT VXI,2017,Jul 2017,Petrol,"57,407 Kms",1197 cc,1st Owner,KA53,Automatic,Third Party insurance,Pearl Arctic White
268,2021 Honda City,"16,09,000",ZX CVT,2021,May 2021,Petrol,"2,436 Kms",1498 cc,1st Owner,KA01,Automatic,Third Party insurance,Rediant Red Metallic
269,2018 Maruti Swift,"7,25,000",ZXI 2018,2018,Jun 2018,Petrol,"22,228 Kms",1197 cc,1st Owner,KA03,Manual,Third Party insurance,Blue
270,2018 Maruti Swift,"7,08,000",VXI,2018,Feb 2019,Petrol,"16,229 Kms",1197 cc,1st Owner,KA53,Manual,Third Party insurance,Grey
271,2014 Hyundai EON,"2,57,000",D Lite Plus,2014,Dec 2014,Petrol,"49,357 Kms",814 cc,2nd Owner,KA04,Manual,Third Party insurance,Red
272,2014 Honda Brio,"4,07,000",S MT,2014,Oct 2014,Petrol,"67,470 Kms",1198 cc,1st Owner,KA03,Manual,Third Party insurance,Crystal Black Pearl
273,2019 Hyundai i20,"10,00,000",Asta Option CVT,2019,Sept 2019,Petrol,"6,737 Kms",1197 cc,1st Owner,KA53,Automatic,Third Party insurance,Orange
274,2021 Maruti Swift,"7,21,000",VXI,2021,Mar 2021,Petrol,"5,137 Kms",1197 cc,1st Owner,KA01,Manual,Third Party insurance,White
275,2017 Tata Tiago,"5,24,000",1.2 Revotron XZ,2017,Jun 2017,Petrol,"35,224 Kms",1199 cc,1st Owner,KA01,Manual,Third Party insurance,Canyon Orange
276,2016 Hyundai Grand i10,"5,11,000",Sportz,2016,undefined 2016,Petrol,"21,165 Kms",1197 cc,1st Owner,KA53,Manual,Third Party insurance,Sleek Silver
277,2012 Maruti Ritz,"3,02,000",VDi,2012,Jul 2012,Diesel,"99,070 Kms",1248 cc,1st Owner,KA53,Manual,Third Party insurance,S silver
278,2018 Maruti Ignis,"5,85,000",Zeta,2018,Oct 2018,Petrol,"20,642 Kms",1197 cc,1st Owner,KA06,Manual,Third Party insurance,Silky silver
279,2015 Maruti Swift Dzire,"5,26,000",VXI,2015,undefined 2015,Petrol,"43,808 Kms",1197 cc,1st Owner,KA03,Manual,Third Party insurance,Magma Grey
280,2017 Maruti Ignis,"6,37,000",1.2 AMT Zeta BSIV,2017,Feb 2018,Petrol,"31,804 Kms",1197 cc,1st Owner,KA06,Automatic,Third Party insurance,Tinsel Blue
281,2019 Tata Harrier,"16,24,000",XZ BSIV,2019,Feb 2021,Diesel,"15,686 Kms",1956 cc,1st Owner,KA59,Manual,Third Party insurance,Calisto Copper
282,2018 Hyundai Verna,"10,40,000",VTVT 1.6 SX Option,2018,Mar 2018,Petrol,"20,544 Kms",1591 cc,1st Owner,KA05,Manual,Third Party insurance,Typhoon Silver
283,2011 Hyundai i10,"3,30,000",Sportz AT,2011,Dec 2011,Petrol,"63,174 Kms",1197 cc,2nd Owner,KA05,Automatic,Third Party insurance,Red
284,2019 Mahindra Marazzo,"11,23,000",M2 8Str,2019,Jul 2019,Diesel,"12,646 Kms",1497 cc,1st Owner,KA03,Manual,Third Party insurance,Aqua Marine
285,2017 Renault KWID,"3,25,000",RXT,2017,Apr 2017,Petrol,"45,227 Kms",799 cc,1st Owner,KA50,Manual,Third Party insurance,Bronze
286,2016 Hyundai Grand i10,"5,03,000",Sportz,2016,Nov 2016,Petrol,"45,984 Kms",1197 cc,1st Owner,KA05,Manual,Third Party insurance,Wine Red
287,2013 Honda City,"5,46,000",V MT,2013,Apr 2013,Petrol,"50,746 Kms",1497 cc,2nd Owner,KA01,Manual,Third Party insurance,Black
288,2016 Datsun RediGO,"2,66,000",S,2016,Nov 2016,Petrol,"34,448 Kms",799 cc,1st Owner,12 2021,KA01,Manual,Comprehensive
289,2013 Hyundai i20,"5,08,000",Asta 1.2,2013,Jun 2013,Petrol,"45,439 Kms",1197 cc,2nd Owner,KA51,Manual,Third Party insurance,Brown
290,2013 Toyota Etios,"4,52,000",V,2013,Apr 2013,Petrol,"74,987 Kms",1496 cc,1st Owner,KA41,Manual,Third Party insurance,Classic Grey
291,2015 Maruti Swift Dzire,"5,55,000",ZXI,2015,Oct 2015,Petrol,"58,265 Kms",1197 cc,1st Owner,KA02,Manual,Third Party insurance,Magma Grey
292,2018 Maruti Swift,"6,40,000",VVT VXI,2018,Jul 2018,Petrol,"27,501 Kms",1197 cc,1st Owner,KA24,Manual,Third Party insurance,Red
293,2017 Maruti Ciaz,"7,65,000",Alpha Automatic BSIV,2017,Aug 2017,Petrol,"60,159 Kms",1462 cc,1st Owner,KA04,Automatic,Third Party insurance,Blue
294,2017 Hyundai Grand i10,"5,50,000",1.2 Kappa Sportz Option AT,2017,undefined 2017,Petrol,"62,509 Kms",1197 cc,2nd Owner,KA51,Automatic,Third Party insurance,Orange
295,2011 Maruti Wagon R,"3,33,000",VXI BS IV,2011,Mar 2011,Petrol,"67,449 Kms",998 cc,1st Owner,KA03,Manual,Third Party insurance,Fire Brick Red
296,2013 Hyundai i10,"3,76,000",Sportz,2013,Apr 2013,Petrol,"36,059 Kms",1197 cc,2nd Owner,KA51,Manual,Third Party insurance,Grey
297,2016 Maruti Swift,"6,55,000",VXI BSIV,2016,Apr 2016,Petrol,"4,781 Kms",1197 cc,1st Owner,KA51,Manual,Third Party insurance,White
298,2015 Hyundai Xcent,"5,30,500",1.2 Kappa SX,2015,Mar 2016,Petrol,"37,766 Kms",1197 cc,1st Owner,KA03,Manual,Third Party insurance,Blue
299,2012 Hyundai Verna,"5,34,000",1.6 SX VTVT,2012,Feb 2012,Petrol,"48,596 Kms",1591 cc,1st Owner,KA01,Manual,Third Party insurance,White
300,2016 Hyundai Creta,"9,85,000",1.6 VTVT S,2016,Jun 2016,Petrol,"42,565 Kms",1591 cc,1st Owner,KA01,Manual,Third Party insurance,White
301,2014 Hyundai i10,"3,60,000",Era,2014,Feb 2015,Petrol,"22,840 Kms",1086 cc,2nd Owner,KA05,Manual,Third Party insurance,Sleek Silver
302,2015 Maruti Swift Dzire,"5,82,000",VXI,2015,Mar 2015,Petrol,"18,493 Kms",1197 cc,1st Owner,KA05,Manual,Third Party insurance,White
303,2018 Honda Amaze,"6,00,000",S Option i-VTEC,2018,May 2018,Petrol,"42,116 Kms",1198 cc,1st Owner,KA32,Manual,Third Party insurance,White
304,2018 Hyundai i20,"8,30,000",Petrol CVT Asta,2018,Feb 2019,Petrol,"32,453 Kms",1197 cc,1st Owner,KA03,Automatic,Third Party insurance,Star dust
305,2013 Hyundai i20,"4,60,000",Sportz Diesel,2013,Nov 2013,Diesel,"44,569 Kms",1493 cc,1st Owner,KA02,Manual,Third Party insurance,M red
306,2016 Maruti Alto 800,"3,10,000",LXI,2016,Jul 2016,Petrol,"16,739 Kms",796 cc,1st Owner,KA01,Manual,Third Party insurance,Silky silver
307,2013 Volkswagen Polo,"3,89,500",1.0 MPI Comfortline,2013,Dec 2013,Petrol,"82,201 Kms",999 cc,1st Owner,KA01,Manual,Third Party insurance,White
308,2014 Maruti Swift,"5,00,000",VDI,2014,Jul 2014,Diesel,"69,629 Kms",1248 cc,1st Owner,KA05,Manual,Third Party insurance,Mg grey
309,2011 Maruti Alto,"2,24,500",LXi,2011,Aug 2011,Petrol,"22,634 Kms",796 cc,1st Owner,KA01,Manual,Third Party insurance,MF RED
310,2016 Hyundai i10,"3,70,000",Magna 1.1L,2016,Sept 2016,Petrol,"62,473 Kms",1086 cc,2nd Owner,KA51,Manual,Third Party insurance,Winered
311,2015 Maruti Baleno,"6,00,000",1.2 Delta,2015,Feb 2016,Petrol,"26,059 Kms",1197 cc,1st Owner,KA53,Manual,Third Party insurance,White
312,2013 Hyundai i20,"4,80,000",Asta Optional with Sunroof 1.2,2013,Sept 2013,Petrol,"77,198 Kms",1197 cc,1st Owner,KA51,Manual,Third Party insurance,C white
313,2019 Renault KWID,"4,80,000",1.0 RXT AMT Opt BSIV,2019,Sept 2019,Petrol,"17,874 Kms",999 cc,1st Owner,KA18,Automatic,Third Party insurance,Planet grey
314,2014 Honda City,"5,35,000",i DTEC S,2014,Apr 2014,Diesel,"1,32,623 Kms",1498 cc,1st Owner,KA02,Manual,Third Party insurance,Y white
315,2016 Renault KWID,"3,95,000",1.0 RXT AMT Opt,2016,Apr 2017,Petrol,"41,145 Kms",999 cc,1st Owner,KA01,Automatic,Third Party insurance,Silver
316,2016 Maruti Baleno,"6,10,000",1.2 Delta,2016,Nov 2016,Petrol,"39,390 Kms",1197 cc,1st Owner,KA04,Manual,Third Party insurance,Pa white
317,2017 Maruti Eeco,"3,58,000",5 Seater AC,2017,Jul 2017,Petrol,"57,680 Kms",1196 cc,1st Owner,KA01,Manual,Third Party insurance,Silver
318,2016 Honda City,"8,15,000",i VTEC CVT VX,2016,Dec 2016,Petrol,"49,777 Kms",1497 cc,1st Owner,KA01,Automatic,Third Party insurance,Orchid white
319,2017 Maruti Swift,"5,45,500",VXI Optional,2017,Aug 2017,Petrol,"32,346 Kms",1197 cc,2nd Owner,KA32,Manual,Third Party insurance,Pa white
320,2017 Nissan Micra Active,"3,59,000",XV Petrol,2017,Mar 2017,Petrol,"44,955 Kms",1198 cc,2nd Owner,KA05,Manual,Third Party insurance,White
321,2014 Hyundai Grand i10,"4,45,000",Sportz,2014,Mar 2014,Petrol,"60,840 Kms",1197 cc,1st Owner,3 2022,KA04,Manual,Comprehensive
322,2013 Hyundai Grand i10,"3,42,500",CRDi Magna,2013,undefined 2013,Diesel,"1,00,774 Kms",1120 cc,1st Owner,KA02,Manual,Third Party insurance,Stardust
323,2015 Maruti Eeco,"3,35,000",5 Seater AC BSIV,2015,Apr 2015,Petrol,"38,016 Kms",1196 cc,1st Owner,KA02,Manual,Third Party insurance,Mg grey
324,2017 Renault KWID,"3,84,500",1.0 RXT AMT BSIV,2017,Mar 2017,Petrol,"47,750 Kms",999 cc,1st Owner,KA53,Automatic,Third Party insurance,Red
325,2018 Maruti Swift,"6,10,000",VVT VXI,2018,Feb 2019,Petrol,"44,479 Kms",1197 cc,1st Owner,KA41,Manual,Third Party insurance,Mm grey
326,2019 MG Hector,"17,50,000",Sharp AT BSIV,2019,Nov 2019,Petrol,"49,541 Kms",1451 cc,1st Owner,KA59,Automatic,Third Party insurance,Candy white
327,2013 Maruti Ritz,"3,85,000",ZXi,2013,Sept 2013,Petrol,"82,438 Kms",1197 cc,1st Owner,KA51,Manual,Third Party insurance,S white
328,2013 Maruti Alto 800,"2,30,000",LXI,2013,Apr 2013,Petrol,"69,564 Kms",796 cc,1st Owner,KA41,Manual,Third Party insurance,Grnt grey
329,2014 Maruti Ertiga,"6,21,000",VDI,2014,Oct 2014,Diesel,"58,372 Kms",1248 cc,1st Owner,KA04,Manual,Third Party insurance,Granite gr
330,2009 Maruti Swift Dzire,"2,88,500",VXi,2009,Sept 2009,Petrol,"86,363 Kms",1298 cc,2nd Owner,KA03,Manual,Third Party insurance,Grey
331,2015 Hyundai EON,"2,77,500",Era Plus,2015,Apr 2016,Petrol,"19,338 Kms",814 cc,2nd Owner,6 2021,KA04,Manual,Comprehensive
332,2012 Hyundai i10,"2,80,500",Sportz,2012,Feb 2013,Petrol,"47,465 Kms",1197 cc,2nd Owner,KA53,Manual,Third Party insurance,Red
333,2013 Hyundai EON,"2,56,000",D Lite Plus,2013,Feb 2013,Petrol,"16,462 Kms",814 cc,2nd Owner,KA03,Manual,Third Party insurance,Grey
334,2014 Maruti Swift,"4,95,000",VXI,2014,Dec 2014,Petrol,"57,006 Kms",1197 cc,1st Owner,KA04,Manual,Third Party insurance,S f red
335,2018 Maruti Ciaz,"7,44,500",1.4 Zeta,2018,Jun 2018,Petrol,"31,542 Kms",1373 cc,1st Owner,KA04,Manual,Third Party insurance,Silver
336,2015 Maruti Celerio,"4,01,000",VXI AT,2015,Apr 2015,Petrol,"29,494 Kms",998 cc,1st Owner,KA09,Automatic,Not Available,Red
337,2013 Maruti Alto 800,"2,65,000",LXI,2013,Jul 2013,Petrol,"31,943 Kms",796 cc,1st Owner,KA53,Manual,Third Party insurance,S silver
338,2014 Ford Ecosport,"5,20,000",1.5 DV5 MT Titanium,2014,Aug 2014,Diesel,"1,37,138 Kms",1498 cc,1st Owner,KA04,Manual,Third Party insurance,Dia white
339,2018 Maruti Celerio,"5,05,000",VXI,2018,Sept 2018,Petrol,"5,721 Kms",998 cc,1st Owner,KA04,Manual,Third Party insurance,P A white
340,2016 Maruti Swift,"4,97,500",VXI Optional,2016,Aug 2016,Petrol,"38,001 Kms",1197 cc,2nd Owner,KA02,Manual,Third Party insurance,P a white
341,2015 Honda Jazz,"5,11,500",1.2 SV i VTEC,2015,undefined 2015,Petrol,"26,175 Kms",1199 cc,2nd Owner,KA03,Manual,Third Party insurance,C redpearl
342,2016 Hyundai Grand i10,"4,58,000",Sportz,2016,Apr 2016,Petrol,"28,997 Kms",1197 cc,1st Owner,KA01,Manual,Third Party insurance,Wine red
343,2014 Maruti Wagon R,"3,52,000",VXI,2014,Dec 2014,Petrol,"34,989 Kms",998 cc,1st Owner,KA06,Manual,Third Party insurance,Red
344,2010 Maruti Swift,"3,00,000",VXi BSIV,2010,Mar 2010,Petrol,"91,873 Kms",1197 cc,1st Owner,KA41,Manual,Third Party insurance,Grey
345,2015 Maruti Alto 800,"2,49,500",LXI,2015,May 2015,Petrol,"42,371 Kms",796 cc,2nd Owner,5 2021,KA01,Manual,Comprehensive
346,2015 Honda Jazz,"5,45,000",1.5 V i DTEC,2015,Nov 2015,Diesel,"56,514 Kms",1498 cc,1st Owner,KA03,Manual,Third Party insurance,C redpearl
347,2010 Maruti Alto,"2,02,000",LXi BSIII,2010,Apr 2010,Petrol,"60,999 Kms",796 cc,1st Owner,KA41,Manual,Third Party insurance,Silver
348,2015 Maruti Celerio,"4,22,000",VXI AT,2015,Oct 2015,Petrol,"17,104 Kms",998 cc,1st Owner,KA51,Automatic,Third Party insurance,Silver
349,2013 Hyundai Grand i10,"4,05,000",Asta Option,2013,Nov 2013,Petrol,"48,364 Kms",1197 cc,2nd Owner,KA02,Manual,Third Party insurance,Orange
350,2018 Maruti Eeco,"4,07,500",5 Seater AC BSIV,2018,Nov 2018,Petrol,"22,038 Kms",1196 cc,1st Owner,KA51,Manual,Third Party insurance,Silver
351,2014 Maruti Celerio,"3,74,500",VXI AT,2014,Sept 2014,Petrol,"42,037 Kms",998 cc,1st Owner,3 2022,KA05,Automatic,Third Party
