,brands,prices,variants,make_year,regYear,fuel,kmsDriven,EngDisplacement,NoOfOwners,RTO,Transmission,InsuranceType,color
0,2016 Hyundai i20,"5,86,500",Sportz 1.2,2016,Sept 2016,Petrol,"46,294 Kms",1197 cc,1st Owner,MH02,Manual,Third Party insurance,Polar White
1,2017 Hyundai i20,"6,41,000",1.2 Spotz,2017,Jul 2017,Petrol,"37,895 Kms",1197 cc,1st Owner,MH04,Manual,Third Party insurance,Red Passion
2,2017 Hyundai Grand i10,"4,41,500",Magna,2017,Mar 2017,Petrol,"24,883 Kms",1197 cc,2nd Owner,MH04,Manual,Third Party insurance,Wine Red
3,2018 Maruti Swift,"6,81,500",ZXI BSIV,2018,Nov 2018,Petrol,"28,120 Kms",1197 cc,1st Owner,MH04,Manual,Third Party insurance,White
4,2016 Maruti Swift Dzire,"5,74,000",VXI,2016,Mar 2016,Petrol,"33,356 Kms",1197 cc,1st Owner,MH47,Manual,Third Party insurance,Magma Grey
5,2018 Toyota Innova Crysta,"18,81,500",2.4 VX MT BSIV,2018,Sept 2018,Diesel,"41,917 Kms",2393 cc,1st Owner,MH46,Manual,Third Party insurance,Grey
6,2021 Tata Tiago,"5,93,000",XT,2021,Feb 2021,Petrol,"5,381 Kms",1199 cc,1st Owner,MH01,Manual,Third Party insurance,Yellow
7,2017 Hyundai i20,"6,28,500",1.2 Spotz,2017,Sept 2017,Petrol,"36,041 Kms",1197 cc,1st Owner,MH03,Manual,Third Party insurance,White
8,2016 Renault KWID,"3,42,000",1.0 RXT Optional AT 2016-2019,2016,Feb 2017,Petrol,"26,769 Kms",999 cc,2nd Owner,MH48,Automatic,Third Party insurance,Fiery Red
9,2019 Renault KWID,"4,48,000",1.0 RXT Optional AT 2016-2019,2019,Dec 2019,Petrol,"13,342 Kms",999 cc,1st Owner,MH47,Automatic,Third Party insurance,Brown
10,2013 Hyundai EON,"2,66,000",Magna Plus,2013,undefined 2013,Petrol,"33,824 Kms",814 cc,1st Owner,MH46,Manual,Third Party insurance,Fiery Red
11,2016 Maruti Alto 800,"3,46,500",CNG LXI,2016,Jun 2016,CNG,"18,679 Kms",796 cc,1st Owner,MH47,Manual,Third Party insurance,Silky silver
12,2018 Hyundai Verna,"9,54,000",VTVT 1.6 SX,2018,Dec 2018,Petrol,"4,694 Kms",1591 cc,1st Owner,MH02,Manual,Third Party insurance,Polar White
13,2013 Maruti Swift,"4,25,000",VDI,2013,Aug 2013,Diesel,"62,031 Kms",1248 cc,1st Owner,MH01,Manual,Third Party insurance,Red
14,2015 Hyundai i20,"5,10,000",Asta 1.4 CRDi,2015,Aug 2015,Diesel,"1,03,365 Kms",1396 cc,1st Owner,MH47,Manual,Third Party insurance,Red
15,2016 Maruti Vitara Brezza,"7,77,500",ZDi Plus,2016,Oct 2016,Diesel,"1,06,758 Kms",1248 cc,1st Owner,MH46,Manual,Third Party insurance,PREMIUM SILVER
16,2013 Toyota Corolla Altis,"5,21,000",G MT,2013,Jun 2013,Petrol,"60,749 Kms",1798 cc,2nd Owner,MH48,Manual,Third Party insurance,Champagne Mica Metallic
17,2019 Maruti Ignis,"4,35,000",1.2 Sigma BSIV,2019,Jun 2019,Petrol,"19,506 Kms",1197 cc,1st Owner,MH04,Manual,Third Party insurance,Grey
18,2014 Hyundai Grand i10,"3,73,000",Sportz,2014,May 2014,Petrol,"75,346 Kms",1197 cc,2nd Owner,MH02,Manual,Third Party insurance,Orange
19,2017 Hyundai Creta,"10,06,000",1.6 VTVT SX Plus,2017,Jun 2017,Petrol,"29,630 Kms",1591 cc,1st Owner,MH43,Manual,Third Party insurance,Red
20,2019 Mahindra XUV500,"14,02,500",W9 BSIV,2019,Aug 2019,Diesel,"54,618 Kms",2179 cc,1st Owner,MH46,Manual,Third Party insurance,White
21,2015 Hyundai i20,"5,78,500",Asta Option 1.2,2015,Nov 2015,Petrol,"67,956 Kms",1197 cc,1st Owner,MH20,Manual,Third Party insurance,Polar White
22,2018 Hyundai i20,"6,56,000",1.2 Magna Executive,2018,Nov 2018,Petrol,"4,101 Kms",1197 cc,1st Owner,MH05,Manual,Third Party insurance,Red
23,2013 Hyundai Grand i10,"3,97,500",1.2 Kappa Asta,2013,Feb 2014,Petrol,"10,484 Kms",1197 cc,1st Owner,MH01,Manual,Third Party insurance,Red
24,2015 Maruti Wagon R,"3,27,500",VXI BS IV,2015,undefined 2015,Petrol,"31,325 Kms",998 cc,1st Owner,MH47,Manual,Third Party insurance,White
25,2012 Hyundai i10,"2,13,500",Sportz,2012,May 2012,Petrol,"37,662 Kms",1197 cc,1st Owner,MH02,Manual,Third Party insurance,St beige
26,2015 Honda City,"4,96,500",i VTEC SV,2015,Jul 2015,Petrol,"61,271 Kms",1497 cc,1st Owner,MH46,Manual,Third Party insurance,White
27,2012 Maruti Swift,"3,30,000",VXI,2012,Feb 2013,Petrol,"28,877 Kms",1197 cc,2nd Owner,MH05,Manual,Third Party insurance,White
28,2017 Maruti Swift,"5,15,000",VDI Optional,2017,Oct 2017,Diesel,"51,348 Kms",1248 cc,1st Owner,MH03,Manual,Third Party insurance,M VIOLET
29,2011 Hyundai Verna,"3,64,500",1.6 SX VTVT,2011,Dec 2011,Petrol,"36,678 Kms",1591 cc,1st Owner,MH02,Manual,Third Party insurance,Golden
30,2018 Hyundai i20,"7,50,000",Petrol CVT Asta,2018,Nov 2018,Petrol,"6,462 Kms",1197 cc,1st Owner,MH47,Automatic,Third Party insurance,White
31,2015 Honda City,"7,61,000",i VTEC CVT VX,2015,Apr 2016,Petrol,"67,868 Kms",1497 cc,1st Owner,MH04,Automatic,Third Party insurance,Tefeta White
32,2016 Honda City,"6,67,000",i VTEC CVT SV,2016,Jul 2016,Petrol,"42,104 Kms",1497 cc,2nd Owner,MH47,Automatic,Third Party insurance,Golden Brown Metallic
33,2015 Renault KWID,"2,55,500",RXT,2015,Feb 2016,Petrol,"32,741 Kms",799 cc,1st Owner,MH05,Manual,Third Party insurance,Silver
34,2016 Maruti Baleno,"5,90,000",1.2 Zeta,2016,May 2016,Petrol,"25,157 Kms",1197 cc,1st Owner,MH47,Manual,Third Party insurance,Blue
35,2013 Hyundai i10,"2,60,000",Sportz 1.1L,2013,Feb 2014,Petrol,"26,352 Kms",1086 cc,1st Owner,MH02,Manual,Third Party insurance,Grey
36,2013 Hyundai i10,"2,50,000",Magna,2013,Jun 2013,Petrol,"79,232 Kms",1197 cc,1st Owner,MH20,Manual,Third Party insurance,Red
37,2015 Hyundai i20,"5,90,000",Asta 1.4 CRDi,2015,May 2015,Diesel,"44,204 Kms",1396 cc,1st Owner,MH05,Manual,Third Party insurance,Polar White
38,2013 Hyundai Verna,"4,40,000",1.6 SX,2013,Oct 2013,Diesel,"1,35,063 Kms",1582 cc,1st Owner,MH01,Manual,Third Party insurance,Grey
39,2018 Maruti Wagon R,"4,30,000",LXI BS IV,2018,Dec 2018,Petrol,"30,139 Kms",998 cc,1st Owner,MH47,Manual,Third Party insurance,B. Chocolate
40,2017 Hyundai i20,"5,20,500",1.2 Magna Executive,2017,Oct 2017,Petrol,"37,827 Kms",1197 cc,1st Owner,MH48,Manual,Third Party insurance,White
41,2018 Mahindra XUV500,"11,97,500",W7 BSIV,2018,Oct 2018,Diesel,"40,538 Kms",2179 cc,1st Owner,MH06,Manual,Third Party insurance,White
42,2017 Maruti Baleno,"6,00,000",Delta CVT,2017,May 2017,Petrol,"30,769 Kms",1197 cc,1st Owner,MH48,Automatic,Third Party insurance,Metallic Magma Grey
43,2015 Maruti Swift Dzire,"5,58,500",ZXI,2015,Aug 2015,Petrol,"36,872 Kms",1197 cc,2nd Owner,MH01,Manual,Third Party insurance,Red
44,2016 Volkswagen Ameo,"3,90,000",1.2 MPI Trendline,2016,Oct 2016,Petrol,"14,039 Kms",1198 cc,1st Owner,MH43,Manual,Third Party insurance,Blue
45,2014 Maruti Swift Dzire,"4,39,000",VXI,2014,Nov 2014,Petrol,"20,148 Kms",1197 cc,2nd Owner,MH02,Manual,Third Party insurance,Silky silver
46,2013 Maruti Swift Dzire,"4,28,000",VXI,2013,Mar 2013,Petrol,"52,040 Kms",1197 cc,1st Owner,MH03,Manual,Third Party insurance,Grey
47,2017 Maruti Ertiga,"7,70,000",SHVS VDI,2017,Apr 2017,Diesel,"88,810 Kms",1248 cc,1st Owner,9 2021,MH05,Manual,Comprehensive
48,2013 Maruti Swift,"4,52,500",VDI,2013,May 2013,Diesel,"1,01,856 Kms",1248 cc,1st Owner,MH20,Manual,Third Party insurance,Metallic Glistening Grey
49,2017 Honda City,"7,90,000",i-DTEC ZX,2017,Apr 2017,Diesel,"50,286 Kms",1498 cc,2nd Owner,MH43,Manual,Third Party insurance,G BROWN
50,2017 Jeep Compass,"13,13,000",2.0 Limited,2017,Nov 2017,Diesel,"60,006 Kms",1956 cc,1st Owner,MH05,Manual,Third Party insurance,White
51,2015 Volkswagen Polo,"5,67,500",GT TSI,2015,Sept 2015,Petrol,"48,071 Kms",1197 cc,1st Owner,MH47,Automatic,Third Party insurance,Carbon Steel
52,2015 Toyota Corolla Altis,"6,38,000",JS MT,2015,Oct 2015,Petrol,"89,011 Kms",1798 cc,1st Owner,MH43,Manual,Third Party insurance,White Pearl Crystal Shine
53,2020 Maruti Ignis,"5,31,500",1.2 Sigma BSIV,2020,undefined 2020,Petrol,"9,311 Kms",1197 cc,1st Owner,MH20,Manual,Third Party insurance,Grey
54,2013 Volkswagen Vento,"3,62,000",Petrol Comfortline,2013,Nov 2013,Petrol,"36,848 Kms",1598 cc,1st Owner,MH02,Manual,Third Party insurance,Reflex Silver
55,2018 Ford Ecosport,"6,40,000",1.5 Petrol Titanium BSIV,2018,Feb 2019,Petrol,"54,786 Kms",1497 cc,2nd Owner,MH04,Manual,Third Party,Blue
56,2014 Volkswagen Polo,"4,20,000",Diesel Highline 1.2L,2014,Aug 2014,Diesel,"98,046 Kms",1199 cc,1st Owner,MH12,Manual,Third Party insurance,Blue
57,2012 Hyundai i10,"2,43,500",Magna,2012,Mar 2013,Petrol,"33,744 Kms",1197 cc,1st Owner,MH02,Manual,Third Party insurance,C grey
58,2016 Hyundai Grand i10,"5,22,000",Asta Option AT,2016,Oct 2016,Petrol,"12,290 Kms",1197 cc,1st Owner,MH48,Automatic,Third Party insurance,Twilight Blue - Hyundai Grand I10
59,2018 Renault KWID,"3,36,500",1.0 RXT Optional,2018,Nov 2018,Petrol,"41,192 Kms",999 cc,1st Owner,MH46,Manual,Third Party insurance,Silver
60,2015 Honda Jazz,"4,18,500",1.5 SV i DTEC,2015,Oct 2015,Diesel,"1,03,629 Kms",1498 cc,1st Owner,MH01,Manual,Third Party insurance,Taffeta White
61,2015 Maruti Celerio,"3,96,500",ZXI AT,2015,Nov 2015,Petrol,"67,759 Kms",998 cc,1st Owner,MH02,Automatic,Third Party insurance,Silky silver
62,2017 Hyundai i20,"6,22,000",1.2 Asta Dual Tone,2017,Dec 2017,Petrol,"16,504 Kms",1197 cc,1st Owner,MH04,Manual,Third Party insurance,Red Passion with Phantom Black
63,2015 Hyundai i20,"5,14,000",Sportz 1.2,2015,Oct 2015,Petrol,"43,844 Kms",1197 cc,2nd Owner,MH12,Manual,Third Party insurance,Red Passion
64,2011 Volkswagen Polo,"2,60,000",Diesel Trendline 1.2L,2011,Mar 2012,Diesel,"53,162 Kms",1199 cc,1st Owner,MH02,Manual,Third Party insurance,Flash Red
65,2021 Renault KWID,"4,75,500",RXL BSIV,2021,Apr 2021,Petrol,"9,523 Kms",799 cc,2nd Owner,MH05,Manual,Third Party insurance,Red
66,2014 Maruti Wagon R Stingray,"3,19,000",VXI,2014,Jun 2014,Petrol,"86,460 Kms",998 cc,1st Owner,MH02,Manual,Third Party insurance,Superior white
67,2013 Honda Brio,"2,70,000",S MT,2013,Sept 2013,Petrol,"71,159 Kms",1198 cc,2nd Owner,MH12,Manual,Third Party insurance,Alabaster Silver
68,2016 Honda City,"6,60,000",i VTEC V,2016,Jul 2016,Petrol,"98,339 Kms",1497 cc,1st Owner,MH02,Manual,Third Party insurance,Carnelian Red Pearl
69,2015 Honda Jazz,"4,46,500",1.2 SV i VTEC,2015,Nov 2015,Petrol,"52,000 Kms",1199 cc,1st Owner,MH43,Manual,Third Party insurance,Taffeta White
70,2014 Maruti Ritz,"3,40,000",ZXi,2014,Feb 2015,Petrol,"35,394 Kms",1197 cc,1st Owner,MH03,Manual,Third Party insurance,Superior white
71,2014 Honda City,"5,24,658",i VTEC V,2014,Dec 2014,Petrol,"69,240 Kms",1497 cc,1st Owner,MH02,Manual,Third Party insurance,Carnelian Red Pearl
72,2015 Renault Duster,"5,25,000",85PS Diesel RxL Optional,2015,Jul 2015,Diesel,"67,098 Kms",1461 cc,2nd Owner,MH43,Manual,Third Party insurance,Metallic Moonlight Silver
73,2015 Maruti Wagon R,"3,10,000",CNG LXI BSIV,2015,Apr 2015,CNG,"1,23,934 Kms",998 cc,1st Owner,MH05,Manual,Third Party insurance,White
74,2015 Hyundai i20,"5,30,000",Asta 1.2,2015,May 2015,Petrol,"58,908 Kms",1197 cc,1st Owner,MH46,Manual,Third Party insurance,Star Dust
75,2014 Honda City,"4,78,000",S,2014,May 2014,Petrol,"26,107 Kms",1497 cc,1st Owner,MH02,Manual,Third Party insurance,Black
76,2018 Maruti Ignis,"5,13,000",1.2 Zeta BSIV,2018,undefined 2018,Petrol,"44,508 Kms",1197 cc,1st Owner,MH47,Manual,Third Party insurance,Silver
77,2017 Maruti Ignis,"4,31,500",1.2 Delta BSIV,2017,Nov 2017,Petrol,"45,843 Kms",1197 cc,1st Owner,MH01,Manual,Third Party insurance,Pearl Arctic White
78,2018 Hyundai Grand i10,"4,77,500",1.2 Kappa Magna BSIV,2018,Oct 2018,Petrol,"22,722 Kms",1197 cc,1st Owner,MH48,Manual,Third Party insurance,Grey
79,2018 Volkswagen Polo,"5,25,500",1.0 MPI Comfortline,2018,Jul 2018,Petrol,"16,847 Kms",999 cc,1st Owner,MH20,Manual,Third Party insurance,Candy White
80,2016 Tata Tiago,"3,85,000",1.2 Revotron XZ,2016,undefined 2016,Petrol,"77,263 Kms",1199 cc,1st Owner,MH04,Manual,Third Party insurance,Espresso Brown
81,2015 Maruti Alto 800,"2,30,000",VXI,2015,Aug 2015,Petrol,"75,505 Kms",796 cc,1st Owner,MH46,Manual,Third Party insurance,New Granite Grey
82,2018 Maruti Ciaz,"7,50,000",1.4 Alpha,2018,May 2018,Petrol,"30,599 Kms",1373 cc,2nd Owner,MH02,Manual,Third Party insurance,Metallic Glistening Grey
83,2017 Maruti Ertiga,"7,92,500",SHVS ZDI Plus,2017,Apr 2017,Diesel,"54,521 Kms",1248 cc,1st Owner,MH43,Manual,Third Party insurance,Blue
84,2017 Maruti Celerio,"3,73,500",VXI CNG BSIV,2017,undefined 2017,CNG,"96,313 Kms",998 cc,1st Owner,11 2021,MH46,Manual,Zero Dep
85,2017 Maruti Celerio,"3,73,000",ZXI,2017,Jun 2017,Petrol,"25,344 Kms",998 cc,2nd Owner,MH04,Manual,Third Party insurance,Silky silver
86,2017 Maruti Vitara Brezza,"6,88,000",ZDi,2017,Sept 2017,Diesel,"48,866 Kms",1248 cc,2nd Owner,MH05,Manual,Third Party insurance,White
87,2017 Maruti Baleno,"6,13,000",1.2 Alpha,2017,Apr 2017,Petrol,"42,434 Kms",1197 cc,1st Owner,MH02,Manual,Third Party insurance,Ray blue
88,2012 Honda Jazz,"2,42,500",X,2012,Jun 2012,Petrol,"1,18,095 Kms",1198 cc,1st Owner,MH03,Manual,Third Party insurance,Crystal Black Pearl
89,2014 Honda Mobilio,"4,17,500",S i-DTEC,2014,Sept 2014,Diesel,"79,869 Kms",1498 cc,1st Owner,MH01,Manual,Third Party insurance,White
90,2017 Honda Amaze,"4,82,500",VX i-VTEC,2017,Apr 2017,Petrol,"43,170 Kms",1198 cc,2nd Owner,MH43,Manual,Third Party insurance,Silver
91,2019 Renault KWID,"4,51,000",1.0 RXT AMT Opt,2019,Jun 2019,Petrol,"11,038 Kms",999 cc,1st Owner,MH02,Automatic,Third Party insurance,Grey
92,2019 Maruti Celerio X,"5,57,500",AMT ZXI BSIV,2019,Sept 2019,Petrol,"14,063 Kms",998 cc,1st Owner,MH01,Automatic,Third Party insurance,Pearl Arctic White
93,2015 Maruti Swift,"3,93,000",VVT VXI,2015,undefined 2015,Petrol,"41,210 Kms",1197 cc,1st Owner,MH03,Manual,Third Party insurance,White
94,2020 Tata Altroz,"7,42,000",XZ,2020,Mar 2020,Petrol,"19,955 Kms",1199 cc,1st Owner,MH04,Manual,Third Party insurance,White
95,2015 Honda City,"6,05,000",i VTEC CVT VX,2015,undefined 2015,Petrol,"73,516 Kms",1497 cc,2nd Owner,MH02,Automatic,Third Party insurance,Carnelian Red Pearl
96,2012 Maruti Wagon R,"2,60,000",VXI BS IV,2012,May 2012,Petrol,"39,261 Kms",998 cc,1st Owner,MH04,Manual,Third Party insurance,Grey
97,2015 Maruti Ciaz,"5,20,000",ZXi,2015,Jun 2015,Petrol,"84,259 Kms",1373 cc,1st Owner,MH03,Manual,Third Party insurance,Silver
98,2015 Renault Duster,"5,41,500",85PS Diesel RxL,2015,Oct 2015,Diesel,"61,216 Kms",1461 cc,1st Owner,MH43,Manual,Third Party insurance,White
99,2016 Maruti Celerio,"4,05,500",Green VXI,2016,Jun 2016,CNG,"57,368 Kms",998 cc,1st Owner,MH05,Manual,Third Party insurance,Glistening Grey
100,2013 Maruti Alto K10,"2,13,000",2010-2014 VXI,2013,Aug 2013,Petrol,"76,911 Kms",998 cc,1st Owner,MH46,Manual,Third Party insurance,Silky silver
101,2015 Maruti Celerio,"3,50,000",LXI AT,2015,Nov 2015,Petrol,"40,035 Kms",998 cc,1st Owner,MH02,Automatic,Third Party insurance,White
102,2013 Honda Brio,"2,81,000",S MT,2013,Nov 2013,Petrol,"43,836 Kms",1198 cc,1st Owner,MH12,Manual,Third Party insurance,Blue
103,2016 Maruti Baleno,"5,56,500",Zeta,2016,Feb 2017,Petrol,"25,374 Kms",1197 cc,1st Owner,MH05,Manual,Third Party insurance,Red
104,2016 Maruti Alto K10,"4,02,000",VXI,2016,Sept 2016,Petrol,"25,601 Kms",998 cc,1st Owner,MH43,Manual,Third Party insurance,Granite Grey
105,2016 Hyundai Creta,"8,50,000",1.6 CRDi SX,2016,Oct 2016,Diesel,"1,05,601 Kms",1582 cc,1st Owner,MH04,Manual,Third Party insurance,White
106,2015 Hyundai Xcent,"3,90,000",1.1 CRDi SX,2015,Jun 2015,Diesel,"45,407 Kms",1120 cc,2nd Owner,MH04,Manual,Third Party insurance,Silver
107,2017 Maruti Ciaz,"8,00,000",1.3 Alpha,2017,Sept 2017,Diesel,"54,672 Kms",1248 cc,1st Owner,MH05,Manual,Third Party insurance,Silver
108,2016 Maruti Celerio,"4,30,000",VXI AT,2016,Jun 2017,Petrol,"23,329 Kms",998 cc,1st Owner,MH47,Automatic,Third Party insurance,White
109,2017 Maruti Swift Dzire,"7,00,000",AMT ZDI Plus,2017,Sept 2017,Diesel,"90,028 Kms",1248 cc,1st Owner,MH47,Automatic,Third Party insurance,P. Brown
110,2013 Hyundai i10,"2,93,500",Sportz,2013,Sept 2013,Petrol,"19,317 Kms",1197 cc,2nd Owner,MH04,Manual,Third Party insurance,White
111,2016 Hyundai Grand i10,"4,10,000",Sportz,2016,Aug 2016,Petrol,"55,777 Kms",1197 cc,1st Owner,MH46,Manual,Third Party insurance,Blue
112,2015 Honda City,"5,10,000",i DTEC S,2015,Jul 2016,Diesel,"92,356 Kms",1498 cc,2nd Owner,MH05,Manual,Third Party insurance,Silver
113,2014 Maruti Wagon R,"2,77,000",LXI BS IV,2014,undefined 2014,Petrol,"90,328 Kms",998 cc,1st Owner,MH06,Manual,Not Available,Grey
114,2013 Hyundai Verna,"4,25,000",1.6 SX,2013,Nov 2013,Diesel,"87,075 Kms",1582 cc,1st Owner,MH04,Manual,Third Party insurance,White
115,2015 Hyundai i20 Active,"5,50,000",1.4 SX,2015,May 2015,Diesel,"89,906 Kms",1396 cc,1st Owner,MH02,Manual,Third Party insurance,Retro Shin
116,2013 Hyundai i10,"2,80,000",Magna,2013,Sept 2013,Petrol,"82,892 Kms",1197 cc,1st Owner,MH46,Manual,Third Party insurance,White
117,2014 Maruti Celerio,"3,80,000",VXI AMT,2014,Aug 2014,Petrol,"37,949 Kms",998 cc,1st Owner,MH12,Automatic,Third Party insurance,Grey
118,2016 Maruti Wagon R,"3,77,500",CNG LXI BSIV,2016,Apr 2016,CNG,"39,669 Kms",998 cc,1st Owner,MH03,Manual,Third Party insurance,Silver
119,2014 Hyundai i20,"4,56,000",Sportz 1.2,2014,Nov 2014,Petrol,"59,940 Kms",1197 cc,1st Owner,MH03,Manual,Third Party insurance,Red
120,2013 Ford Figo,"2,41,500",Diesel Titanium,2013,Mar 2013,Diesel,"1,08,345 Kms",1399 cc,1st Owner,MH02,Manual,Third Party insurance,Blue
121,2012 Maruti Wagon R,"2,70,000",VXI,2012,Dec 2012,Petrol,"28,677 Kms",998 cc,2nd Owner,MH02,Manual,Third Party insurance,Blue
122,2018 Maruti Swift Dzire,"6,95,500",AMT ZDI,2018,May 2018,Diesel,"68,988 Kms",1248 cc,1st Owner,MH05,Automatic,Third Party insurance,Blue
123,2015 Volkswagen Vento,"5,40,000",1.5 TDI Highline AT,2015,Aug 2015,Diesel,"92,618 Kms",1498 cc,1st Owner,MH01,Automatic,Third Party insurance,Blue
124,2019 Maruti Wagon R,"5,65,000",ZXI 1.2,2019,Feb 2020,Petrol,"30,482 Kms",1197 cc,1st Owner,MH48,Manual,Third Party insurance,White
125,2016 Maruti Ertiga,"7,80,000",SHVS ZDI Plus,2016,Sept 2016,Diesel,"53,312 Kms",1248 cc,1st Owner,MH47,Manual,Third Party insurance,Grey
126,2018 Maruti Baleno,"6,48,000",Sigma Diesel,2018,Feb 2019,Diesel,"17,645 Kms",1248 cc,1st Owner,MH01,Manual,Third Party insurance,White
127,2014 Maruti Wagon R,"3,25,000",VXI,2014,Jun 2014,Petrol,"33,228 Kms",998 cc,1st Owner,MH05,Manual,Third Party insurance,White
128,2017 Hyundai i20,"6,50,000",1.4 Sportz,2017,undefined 2017,Diesel,"52,710 Kms",1396 cc,1st Owner,MH46,Manual,Third Party insurance,Red
129,2015 Maruti Ciaz,"5,40,000",VDi,2015,May 2015,Diesel,"87,028 Kms",1248 cc,1st Owner,MH01,Manual,Third Party insurance,Brown
130,2018 Maruti Baleno,"5,80,000",1.2 Delta,2018,May 2018,Petrol,"77,884 Kms",1197 cc,1st Owner,MH46,Manual,Third Party insurance,White
131,2015 Hyundai Grand i10,"4,19,000",Sportz,2015,Oct 2015,Petrol,"18,184 Kms",1197 cc,1st Owner,MH15,Manual,Third Party insurance,Grey
132,2017 Maruti Swift Dzire,"6,81,500",AMT VDI,2017,Feb 2018,Diesel,"51,314 Kms",1248 cc,1st Owner,MH01,Automatic,Not Available,Grey
133,2016 Hyundai i20,"5,44,500",Asta Option 1.2,2016,Jun 2016,Petrol,"37,335 Kms",1197 cc,2nd Owner,MH49,Manual,Third Party insurance,White
134,2018 Maruti Ciaz,"8,52,500",1.3 Alpha,2018,Nov 2018,Diesel,"40,295 Kms",1248 cc,1st Owner,MH08,Manual,Third Party insurance,Blue
135,2015 Honda Jazz,"4,60,000",1.2 V i VTEC,2015,Feb 2016,Petrol,"89,131 Kms",1199 cc,1st Owner,MH43,Manual,Third Party insurance,Orange
136,2014 Maruti Celerio,"3,53,000",VXI AT,2014,Oct 2014,Petrol,"26,835 Kms",998 cc,1st Owner,MH02,Automatic,Third Party insurance,Grey
137,2014 Maruti Swift,"4,65,000",VDI BSIV,2014,Mar 2014,Diesel,"54,651 Kms",1248 cc,1st Owner,MH01,Manual,Third Party insurance,White
138,2015 Maruti Wagon R,"3,45,000",VXI,2015,Apr 2015,Petrol,"43,285 Kms",998 cc,1st Owner,MH43,Manual,Third Party insurance,White
139,2015 Hyundai Xcent,"3,31,500",1.2 Kappa Base,2015,Mar 2015,Petrol,"73,504 Kms",1197 cc,1st Owner,MH02,Manual,Third Party insurance,Silver
140,2013 Hyundai i20,"3,01,000",Magna,2013,Jul 2013,Petrol,"1,00,435 Kms",1197 cc,1st Owner,MH04,Manual,Third Party insurance,BRONZE
141,2015 Maruti Swift Dzire,"4,50,000",VXI,2015,Dec 2015,Petrol,"30,769 Kms",1197 cc,2nd Owner,MH01,Manual,Third Party insurance,S s metelic
142,2012 Mahindra XUV500,"5,00,000",W8 2WD,2012,Feb 2012,Diesel,"75,318 Kms",2179 cc,2nd Owner,MH04,Manual,Third Party insurance,White
143,2014 Maruti Swift Dzire,"4,60,000",ZXI,2014,Aug 2014,Petrol,"48,002 Kms",1197 cc,1st Owner,7 2022,MH48,Manual,Comprehensive
144,2013 Hyundai i10,"2,75,500",Sportz,2013,Jun 2013,Petrol,"94,120 Kms",1197 cc,1st Owner,MH02,Manual,Third Party insurance,Red
145,2015 Hyundai Grand i10,"4,20,000",Asta,2015,Oct 2015,Petrol,"35,126 Kms",1197 cc,1st Owner,MH02,Manual,Third Party insurance,Silver
146,2018 Maruti Ciaz,"8,10,000",Alpha BSIV,2018,Nov 2018,Petrol,"35,577 Kms",1462 cc,1st Owner,MH05,Manual,Third Party insurance,Blue
147,2013 Maruti Wagon R,"2,90,000",VXI,2013,Apr 2013,Petrol,"76,390 Kms",998 cc,1st Owner,MH43,Manual,Third Party insurance,Silver
148,2013 Honda Brio,"2,90,000",S MT,2013,Jun 2013,Petrol,"23,987 Kms",1198 cc,1st Owner,MH02,Manual,Third Party insurance,Silver
149,2012 Maruti Swift Dzire,"3,34,500",ZXI,2012,Nov 2012,Petrol,"87,706 Kms",1197 cc,1st Owner,MH02,Manual,Third Party insurance,White
150,2013 Maruti Swift,"3,82,000",VDI,2013,Nov 2013,Diesel,"91,589 Kms",1248 cc,1st Owner,MH03,Manual,Third Party insurance,Grey
151,2016 Hyundai i20,"5,11,500",Sportz 1.2,2016,May 2016,Petrol,"42,598 Kms",1197 cc,1st Owner,MH05,Manual,Third Party insurance,White
152,2013 Maruti Swift,"3,65,000",VXI,2013,Sept 2013,Petrol,"24,407 Kms",1197 cc,1st Owner,MH02,Manual,Third Party insurance,White
153,2014 Maruti Wagon R,"3,14,500",VXI BS IV,2014,Dec 2014,Petrol,"28,498 Kms",998 cc,1st Owner,MH43,Manual,Third Party insurance,Silver
154,2018 Hyundai Verna,"9,90,000",CRDi 1.6 SX Option,2018,Mar 2018,Diesel,"44,232 Kms",1582 cc,1st Owner,MH03,Manual,Third Party insurance,Red
155,2016 Nissan Terrano,"4,98,000",XV 110 PS,2016,Apr 2016,Diesel,"78,581 Kms",1461 cc,1st Owner,MH01,Manual,Third Party insurance,Silver
156,2012 Maruti Zen Estilo,"2,02,500",LXI BS IV,2012,Apr 2012,Petrol,"50,671 Kms",998 cc,2nd Owner,MH01,Manual,Third Party insurance,Silver
157,2018 Hyundai i20,"6,95,000",Petrol Spotz,2018,Aug 2018,Petrol,"11,784 Kms",1197 cc,1st Owner,9 2021,MH43,Manual,Comprehensive
158,2017 Renault KWID,"3,11,500",1.0 RXT,2017,Mar 2018,Petrol,"59,778 Kms",999 cc,1st Owner,MH46,Manual,Third Party insurance,Silver
159,2021 Mahindra XUV300,"12,30,500",W8 AMT Diesel BSIV,2021,Mar 2021,Diesel,"8,401 Kms",1497 cc,1st Owner,MH04,Automatic,Third Party insurance,Red
160,2014 Maruti Ciaz,"4,94,500",VDi Plus,2014,Dec 2014,Diesel,"82,569 Kms",1248 cc,1st Owner,MH05,Manual,Third Party insurance,White
161,2016 Hyundai Verna,"6,25,000",1.6 CRDi SX,2016,Jun 2016,Diesel,"58,772 Kms",1582 cc,1st Owner,MH48,Manual,Third Party insurance,White
162,2016 Maruti Celerio,"3,78,000",VXI AT,2016,May 2016,Petrol,"53,337 Kms",998 cc,1st Owner,MH43,Automatic,Third Party insurance,Grey
163,2016 Maruti Celerio,"3,36,000",ZXI,2016,Sept 2016,Petrol,"48,496 Kms",998 cc,2nd Owner,MH46,Manual,Third Party insurance,P C BLUE
164,2017 Hyundai i20,"5,32,000",1.2 Magna Executive,2017,Aug 2017,Petrol,"10,610 Kms",1197 cc,1st Owner,MH01,Manual,Third Party insurance,Red
165,2017 Hyundai i20,"5,25,000",1.2 Spotz,2017,Sept 2017,Petrol,"49,731 Kms",1197 cc,2nd Owner,MH05,Manual,Third Party insurance,Red
166,2016 Toyota Innova Crysta,"14,20,500",2.4 VX MT 8S BSIV,2016,Feb 2017,Diesel,"69,202 Kms",2393 cc,1st Owner,MH02,Manual,Third Party insurance,Red
167,2018 Toyota Yaris,"8,31,500",VX CVT BSIV,2018,Nov 2018,Petrol,"38,116 Kms",1496 cc,1st Owner,MH04,Automatic,Third Party insurance,White
168,2014 Maruti Swift,"4,00,000",VDI BSIV,2014,Feb 2015,Diesel,"1,17,010 Kms",1248 cc,2nd Owner,MH02,Manual,Third Party insurance,Silver
169,2015 Honda Jazz,"4,50,500",V,2015,Sept 2015,Petrol,"42,187 Kms",1199 cc,1st Owner,MH01,Manual,Third Party insurance,Silver
170,2017 Maruti Wagon R,"4,05,000",VXI,2017,Apr 2018,Petrol,"24,700 Kms",998 cc,1st Owner,MH04,Manual,Third Party insurance,White
171,2018 Maruti Celerio,"4,43,000",ZXI MT BSIV,2018,Jun 2018,Petrol,"16,413 Kms",998 cc,1st Owner,MH04,Manual,Third Party insurance,Red
172,2013 Hyundai i10,"2,38,500",Era 1.1 iTech SE,2013,Jun 2013,Petrol,"75,596 Kms",1086 cc,1st Owner,MH19,Manual,Third Party insurance,Grey
173,2016 Maruti Swift Dzire,"5,60,000",VDI,2016,Feb 2016,Diesel,"63,172 Kms",1248 cc,1st Owner,MH01,Manual,Third Party insurance,Silver
174,2017 Maruti Wagon R,"3,94,500",AMT VXI,2017,Jun 2017,Petrol,"48,432 Kms",998 cc,1st Owner,MH04,Automatic,Third Party insurance,Grey
175,2014 Maruti Ciaz,"4,63,000",AT ZXi,2014,undefined 2014,Petrol,"93,550 Kms",1373 cc,2nd Owner,MH01,Automatic,Third Party insurance,Black
176,2013 Maruti Swift,"3,98,500",VDI,2013,Feb 2014,Diesel,"66,237 Kms",1248 cc,1st Owner,1 2022,MH01,Manual,Comprehensive
177,2017 Maruti Celerio,"3,72,500",ZXI,2017,Jul 2017,Petrol,"25,265 Kms",998 cc,2nd Owner,MH47,Manual,Third Party insurance,White
178,2016 Maruti Swift Dzire,"5,50,000",ZXI,2016,May 2016,Petrol,"60,481 Kms",1197 cc,1st Owner,MH43,Manual,Third Party insurance,White
179,2012 Maruti Ertiga,"5,30,000",ZDI,2012,Oct 2012,Diesel,"1,02,645 Kms",1248 cc,1st Owner,MH02,Manual,Third Party insurance,White
180,2018 Maruti Swift,"6,10,000",VDI,2018,Jun 2018,Diesel,"67,569 Kms",1248 cc,1st Owner,MH04,Manual,Third Party insurance,Grey
181,2016 Maruti Wagon R,"3,76,500",VXI BS IV,2016,Feb 2017,Petrol,"24,272 Kms",998 cc,1st Owner,1 2022,MH01,Manual,Comprehensive
182,2014 Hyundai i20,"4,45,500",Magna 1.2,2014,undefined 2014,Petrol,"46,628 Kms",1197 cc,1st Owner,MH05,Manual,Not Available,White
183,2015 Hyundai Grand i10,"3,95,500",Sportz,2015,Nov 2015,Petrol,"50,673 Kms",1197 cc,1st Owner,MH47,Manual,Not Available,Silver
184,2017 Maruti Ignis,"4,50,500",1.2 Delta BSIV,2017,Jun 2017,Petrol,"25,451 Kms",1197 cc,1st Owner,MH01,Manual,Third Party insurance,P BLUE
185,2016 Maruti Celerio,"4,36,000",ZXI AT Optional,2016,Feb 2017,Petrol,"47,300 Kms",998 cc,1st Owner,1 2022,MH43,Automatic,Comprehensive
186,2017 Maruti Wagon R,"3,92,000",VXI,2017,Jul 2017,Petrol,"13,658 Kms",998 cc,1st Owner,7 2021,MH01,Manual,Comprehensive
187,2013 Maruti Wagon R,"2,78,000",VXI,2013,Feb 2013,Petrol,"18,887 Kms",998 cc,1st Owner,MH02,Manual,Third Party insurance,White
188,2017 Hyundai i20,"5,80,000",1.2 Spotz,2017,Oct 2017,Petrol,"16,031 Kms",1197 cc,1st Owner,MH43,Manual,Third Party insurance,Red
189,2017 Maruti Celerio,"3,81,500",VXI,2017,Nov 2017,Petrol,"55,400 Kms",998 cc,1st Owner,10 2021,MH47,Manual,Comprehensive
190,2015 Maruti Ertiga,"6,80,500",ZDI,2015,Jun 2015,Diesel,"98,040 Kms",1248 cc,1st Owner,MH43,Manual,Not Available,White
191,2015 Hyundai i20,"4,73,000",Asta Option 1.2,2015,Nov 2015,Petrol,"27,923 Kms",1197 cc,1st Owner,MH01,Manual,Third Party insurance,S DUST
192,2013 Maruti Swift,"4,25,000",VDI,2013,Nov 2013,Diesel,"78,800 Kms",1248 cc,1st Owner,MH02,Manual,Not Available,M G GREY
193,2015 Hyundai i20,"5,13,500",Sportz 1.2,2015,Jun 2016,Petrol,"58,324 Kms",1197 cc,1st Owner,MH01,Manual,Not Available,Blue
194,2018 Maruti Wagon R,"3,90,000",VXI,2018,Feb 2019,Petrol,"44,717 Kms",998 cc,1st Owner,1 2022,MH43,Manual,Comprehensive
195,2017 Maruti Celerio,"3,89,500",VXI,2017,May 2017,Petrol,"41,055 Kms",998 cc,1st Owner,5 2022,MH05,Manual,Comprehensive
196,2017 Maruti Swift,"4,68,000",ZXI BSIV,2017,Feb 2018,Petrol,"31,863 Kms",1197 cc,1st Owner,MH05,Manual,Not Available,GRANITE GREY
197,2013 Maruti Swift,"3,47,500",VXI,2013,Dec 2013,Petrol,"64,861 Kms",1197 cc,1st Owner,MH02,Manual,Third Party insurance,Red
198,2015 Hyundai i20,"4,62,000",Asta 1.4 CRDi,2015,Sept 2015,Diesel,"90,846 Kms",1396 cc,1st Owner,MH04,Manual,Third Party insurance,Red
199,2018 Tata Nexon,"8,00,000",1.5 Revotorq XZ,2018,Oct 2018,Diesel,"42,451 Kms",1497 cc,1st Owner,MH04,Manual,Not Available,MOROCCAN BLUE
200,2018 Maruti Swift Dzire,"6,36,500",ZXI 1.2 BS IV,2018,Jul 2018,Petrol,"25,140 Kms",1197 cc,1st Owner,MH02,Manual,Not Available,Silver
201,2015 Honda Jazz,"4,68,500",V CVT,2015,Oct 2015,Petrol,"79,538 Kms",1199 cc,1st Owner,MH43,Automatic,Third Party insurance,Orange
202,2017 Hyundai i20 Active,"6,45,000",1.4,2017,May 2018,Diesel,"42,746 Kms",1396 cc,1st Owner,4 2022,MH03,Manual,Zero Dep
203,2015 Ford Figo Aspire,"3,80,000",1.2 Ti-VCT Titanium,2015,Mar 2016,Petrol,"37,984 Kms",1196 cc,1st Owner,MH47,Manual,Not Available,O white
204,2014 Maruti Swift,"3,69,000",ZXI,2014,Sept 2014,Petrol,"70,550 Kms",1197 cc,1st Owner,MH04,Manual,Third Party insurance,White
205,2015 Maruti Ertiga,"5,40,000",VXI,2015,Apr 2015,Petrol,"52,943 Kms",1373 cc,2nd Owner,MH48,Manual,Not Available,White
206,2016 Toyota Innova Crysta,"15,37,000",2.4 ZX MT BSIV,2016,Jul 2016,Diesel,"77,213 Kms",2393 cc,1st Owner,MH46,Manual,Third Party insurance,White
207,2017 Maruti Baleno,"6,70,500",1.2 CVT Alpha,2017,Feb 2018,Petrol,"35,438 Kms",1197 cc,1st Owner,MH04,Automatic,Third Party insurance,Silver
208,2016 Honda City,"6,60,000",i DTec VX,2016,Apr 2016,Diesel,"86,471 Kms",1498 cc,1st Owner,4 2022,MH01,Manual,Comprehensive
209,2014 Mahindra XUV500,"5,14,500",W6 2WD,2014,undefined 2014,Diesel,"1,37,034 Kms",2179 cc,2nd Owner,MH01,Manual,Third Party insurance,Silver
210,2017 Maruti Baleno,"5,13,000",1.2 Delta,2017,Dec 2017,Petrol,"27,649 Kms",1197 cc,1st Owner,MH43,Manual,Third Party insurance,Red
211,2012 Maruti Swift Dzire,"3,92,000",VDI,2012,Nov 2012,Diesel,"96,172 Kms",1248 cc,1st Owner,MH05,Manual,Third Party insurance,White
212,2014 Maruti Wagon R,"2,97,000",LXI,2014,Feb 2015,Petrol,"74,641 Kms",998 cc,1st Owner,MH46,Manual,Third Party insurance,Red
213,2014 Maruti Swift,"4,34,000",VDI BSIV,2014,Nov 2014,Diesel,"58,375 Kms",1248 cc,1st Owner,11 2021,MH04,Manual,Comprehensive
214,2020 Maruti Celerio,"4,88,500",VXI AMT Optional,2020,Mar 2020,Petrol,"22,966 Kms",998 cc,1st Owner,MH04,Automatic,Third Party insurance,Grey
215,2012 Honda Brio,"2,40,000",V MT,2012,Dec 2012,Petrol,"49,625 Kms",1198 cc,2nd Owner,MH02,Manual,Third Party insurance,Blue
216,2014 Maruti Wagon R,"3,40,000",VXI BS IV,2014,Oct 2014,Petrol,"20,312 Kms",998 cc,1st Owner,MH03,Manual,Third Party insurance,Silver
217,2014 Maruti Swift Dzire,"3,91,500",VXI,2014,Jul 2014,Petrol,"62,498 Kms",1197 cc,1st Owner,MH02,Manual,Third Party insurance,Grey
218,2016 Maruti Baleno,"6,30,000",1.2 CVT Zeta,2016,Apr 2017,Petrol,"42,052 Kms",1197 cc,1st Owner,MH48,Automatic,Third Party insurance,Grey
219,2018 Maruti Swift Dzire,"6,38,500",VDI,2018,Sept 2018,Diesel,"72,795 Kms",1248 cc,1st Owner,MH05,Manual,Third Party insurance,Red
220,2013 Maruti Swift,"3,21,500",VXI,2013,Aug 2013,Petrol,"61,818 Kms",1197 cc,2nd Owner,MH05,Manual,Third Party insurance,Silver
221,2014 Hyundai i20,"4,85,000",Asta 1.2,2014,Mar 2015,Petrol,"60,660 Kms",1197 cc,2nd Owner,1 2022,MH02,Manual,Comprehensive
222,2017 Hyundai i20,"5,88,000",1.2 Spotz,2017,Apr 2017,Petrol,"31,651 Kms",1197 cc,1st Owner,MH43,Manual,Third Party insurance,Red
223,2017 Tata Nexon,"6,94,500",1.5 Revotorq XZ Plus,2017,Feb 2018,Diesel,"53,323 Kms",1497 cc,1st Owner,MH46,Manual,Not Available,Blue
224,2015 Maruti Ertiga,"6,00,000",VDI,2015,Feb 2015,Diesel,"44,985 Kms",1248 cc,1st Owner,2 2022,MH03,Manual,Third Party
225,2014 Maruti Wagon R,"2,78,500",VXI BS IV,2014,Nov 2014,Petrol,"82,801 Kms",998 cc,1st Owner,10 2021,MH02,Manual,Comprehensive
226,2020 Honda Amaze,"6,34,000",S,2020,Nov 2020,Petrol,"27,503 Kms",1199 cc,1st Owner,MH46,Manual,Third Party insurance,White
227,2015 Maruti Wagon R,"3,40,000",VXI BS IV,2015,Nov 2015,Petrol,"24,866 Kms",998 cc,1st Owner,MH05,Manual,Third Party insurance,White
228,2014 Maruti Swift,"4,26,000",VXI,2014,Jun 2014,Petrol,"53,231 Kms",1197 cc,1st Owner,MH46,Manual,Not Available,White
229,2018 Tata Tigor,"5,26,500",1.2 Revotron XZA,2018,Feb 2018,Petrol,"35,070 Kms",1199 cc,1st Owner,3 2022,MH48,Automatic,Comprehensive
230,2018 Tata Tiago,"4,18,000",1.05 Revotorq XZ,2018,Jul 2018,Diesel,"69,409 Kms",1047 cc,1st Owner,6 2022,MH04,Manual,Comprehensive
231,2018 Hyundai Creta,"11,00,000",1.6 VTVT SX Plus,2018,Dec 2018,Petrol,"25,328 Kms",1591 cc,1st Owner,MH47,Manual,Not Available,Black
232,2013 Maruti Ertiga,"5,90,000",VDI,2013,Feb 2014,Diesel,"53,711 Kms",1248 cc,1st Owner,MH48,Manual,Third Party insurance,Grey
233,2013 Honda City,"3,37,500",S,2013,Jun 2013,Petrol,"88,824 Kms",1497 cc,2nd Owner,MH43,Manual,Third Party insurance,B BEING M
234,2016 Maruti Swift,"5,24,000",VDI BSIV,2016,Feb 2017,Diesel,"84,731 Kms",1248 cc,1st Owner,MH05,Manual,Third Party insurance,Grey
235,2015 Maruti Ciaz,"5,10,500",ZXi,2015,Mar 2015,Petrol,"75,789 Kms",1373 cc,1st Owner,MH01,Manual,Third Party insurance,Silver
236,2020 Hyundai Aura,"7,95,000",SX Option,2020,Apr 2020,Petrol,"16,982 Kms",1197 cc,1st Owner,MH46,Manual,Third Party insurance,White
237,2016 Honda Jazz,"5,01,000",V,2016,Jul 2016,Petrol,"21,851 Kms",1199 cc,1st Owner,MH03,Manual,Third Party insurance,White
238,2018 Maruti Ciaz,"7,36,000",Sigma Diesel,2018,Dec 2018,Diesel,"29,334 Kms",1248 cc,1st Owner,MH46,Manual,Third Party insurance,Blue
239,2017 Maruti Ignis,"5,16,000",1.2 AMT Zeta BSIV,2017,Aug 2017,Petrol,"12,685 Kms",1197 cc,1st Owner,MH03,Automatic,Third Party insurance,Blue
240,2018 Maruti Wagon R,"4,24,500",VXI Opt,2018,May 2018,Petrol,"27,290 Kms",998 cc,1st Owner,MH01,Manual,Third Party insurance,White
241,2020 Honda Amaze,"7,50,000",V Petrol,2020,Aug 2020,Petrol,"1,785 Kms",1199 cc,1st Owner,MH48,Manual,Third Party insurance,Red
242,2016 Maruti Vitara Brezza,"7,20,000",ZDi,2016,Jun 2016,Diesel,"42,694 Kms",1248 cc,1st Owner,MH01,Manual,Third Party insurance,Grey
243,2015 Hyundai i20,"5,01,000",Sportz 1.2,2015,Feb 2016,Petrol,"53,553 Kms",1197 cc,2nd Owner,MH03,Manual,Third Party insurance,Blue
244,2015 Maruti Baleno,"5,00,000",1.2 CVT Delta,2015,Feb 2016,Petrol,"43,690 Kms",1197 cc,2nd Owner,MH43,Automatic,Third Party insurance,M P SILVER
245,2014 Maruti Wagon R,"3,14,000",VXI,2014,Jun 2014,Petrol,"28,734 Kms",998 cc,1st Owner,MH04,Manual,Third Party insurance,Grey
246,2016 Honda Jazz,"4,83,000",1.2 VX i VTEC,2016,Aug 2016,Petrol,"15,479 Kms",1199 cc,1st Owner,MH47,Manual,Third Party insurance,G BRWON
247,2016 Ford Ecosport,"6,02,500",1.5 Diesel Titanium BSIV,2016,Oct 2016,Diesel,"84,396 Kms",1498 cc,1st Owner,MH48,Manual,Third Party insurance,Orange
248,2017 Maruti Celerio,"3,50,000",VXI,2017,Aug 2017,Petrol,"28,178 Kms",998 cc,2nd Owner,MH43,Manual,Third Party insurance,Red
249,2018 Maruti Celerio,"3,95,000",LXI,2018,Feb 2019,Petrol,"15,212 Kms",998 cc,2nd Owner,MH47,Manual,Third Party insurance,White
250,2015 Hyundai i20,"5,25,000",Asta 1.2,2015,Feb 2016,Petrol,"56,817 Kms",1197 cc,1st Owner,MH02,Manual,Third Party insurance,Red
251,2014 Renault Duster,"4,24,500",85PS Diesel RxL,2014,Oct 2014,Diesel,"42,120 Kms",1461 cc,2nd Owner,MH02,Manual,Third Party insurance,Black
252,2019 Hyundai Santro,"4,70,000",Sportz BSIV,2019,Apr 2019,Petrol,"43,995 Kms",1086 cc,1st Owner,MH45,Manual,Third Party insurance,S DUST
253,2015 Hyundai i20,"4,87,000",Sportz 1.2,2015,Jun 2015,Petrol,"33,594 Kms",1197 cc,1st Owner,MH02,Manual,Third Party insurance,Red
254,2017 Maruti Swift Dzire,"6,88,000",AMT ZDI,2017,Sept 2017,Diesel,"56,054 Kms",1248 cc,1st Owner,MH04,Automatic,Third Party insurance,Blue
255,2018 Hyundai Verna,"8,20,000",VTVT 1.6 SX,2018,Apr 2018,Petrol,"15,259 Kms",1591 cc,1st Owner,MH05,Manual,Third Party insurance,Red
256,2017 Maruti Swift,"4,15,000",LXI Option,2017,Feb 2018,Petrol,"11,885 Kms",1197 cc,1st Owner,MH05,Manual,Third Party insurance,Grey
257,2015 Maruti Wagon R,"3,00,500",VXI,2015,Oct 2015,Petrol,"52,494 Kms",998 cc,1st Owner,MH43,Manual,Third Party insurance,B CHOCOLATE
258,2011 Maruti Swift,"3,30,000",ZXI,2011,Feb 2012,Petrol,"44,389 Kms",1197 cc,1st Owner,MH02,Manual,Third Party insurance,White
259,2016 Maruti Ciaz,"7,05,000",AT ZXi Plus,2016,Sept 2016,Petrol,"48,520 Kms",1373 cc,1st Owner,MH03,Automatic,Third Party insurance,Grey
260,2019 Maruti Celerio,"4,94,000",VXI AMT BSIV,2019,Jun 2019,Petrol,"41,829 Kms",998 cc,1st Owner,MH46,Automatic,Third Party insurance,White
261,2015 Hyundai Grand i10,"3,66,000",Sportz,2015,Nov 2015,Petrol,"80,883 Kms",1197 cc,2nd Owner,MH01,Manual,Third Party insurance,Pure white
262,2014 Maruti Swift,"4,63,000",ZXI,2014,Oct 2014,Petrol,"54,694 Kms",1197 cc,1st Owner,MH02,Manual,Third Party insurance,Silver
263,2016 Honda City,"7,23,000",i VTEC VX Option,2016,Sept 2016,Petrol,"23,541 Kms",1497 cc,2nd Owner,MH01,Manual,Third Party insurance,Tefeta White
264,2017 Maruti Wagon R,"3,89,000",AMT VXI Option,2017,Jul 2017,Petrol,"64,207 Kms",998 cc,2nd Owner,MH46,Automatic,Third Party insurance,Glistening Grey
265,2016 Hyundai Grand i10,"4,56,500",Sportz,2016,Feb 2017,Petrol,"29,035 Kms",1197 cc,1st Owner,MH01,Manual,Third Party insurance,Sleek Silver
266,2014 Maruti Wagon R,"3,37,000",VXI,2014,Apr 2014,Petrol,"52,042 Kms",998 cc,1st Owner,MH46,Manual,Third Party insurance,Brown
267,2017 Hyundai i20,"6,19,500",1.2 Spotz,2017,Mar 2017,Petrol,"33,652 Kms",1197 cc,1st Owner,MH04,Manual,Third Party insurance,Pristine Blue
268,2013 Volkswagen Vento,"3,76,000",Petrol Highline,2013,Apr 2013,Petrol,"12,605 Kms",1598 cc,2nd Owner,MH03,Manual,Third Party insurance,Reflex Silver
269,2014 Hyundai i10,"3,27,000",Sportz 1.1L,2014,Sept 2014,Petrol,"53,355 Kms",1086 cc,1st Owner,MH03,Manual,Third Party insurance,Grey
270,2015 Maruti Ciaz,"5,08,500",ZXi Plus,2015,Apr 2015,Petrol,"91,815 Kms",1373 cc,2nd Owner,MH43,Manual,Third Party insurance,Pearl Metallic Dignity Brown
271,2018 Maruti Vitara Brezza,"10,25,000",ZDi Plus AMT Dual Tone,2018,undefined 2018,Diesel,"18,577 Kms",1248 cc,1st Owner,MH43,Automatic,Third Party insurance,Blazing Red with Midnight Black
272,2013 Maruti Alto 800,"2,38,000",LXI,2013,Feb 2014,Petrol,"18,944 Kms",796 cc,1st Owner,MH02,Manual,Third Party insurance,New Torque Blue
273,2015 Hyundai Grand i10,"4,35,500",Sportz,2015,Nov 2015,Petrol,"42,766 Kms",1197 cc,1st Owner,MH04,Manual,Third Party insurance,Wine Red
274,2017 Maruti Ertiga,"7,70,500",BSIV ZXI Plus,2017,Nov 2017,Petrol,"18,774 Kms",1373 cc,1st Owner,MH48,Manual,Third Party insurance,Superior white
275,2014 Maruti Ciaz,"5,60,500",ZXi,2014,undefined 2014,Petrol,"65,237 Kms",1373 cc,1st Owner,MH01,Manual,Third Party insurance,Pearl Metallic Dignity Brown
276,2012 Maruti Ertiga,"5,50,000",ZDI,2012,Dec 2012,Diesel,"69,338 Kms",1248 cc,1st Owner,MH05,Manual,Third Party insurance,Superior white
277,2016 Hyundai i20,"6,13,000",Asta Option BSIV,2016,Feb 2017,Petrol,"47,642 Kms",1197 cc,1st Owner,MH03,Manual,Third Party insurance,Red
278,2018 Maruti Wagon R,"4,50,000",LXI CNG,2018,undefined 2018,CNG,"22,008 Kms",998 cc,1st Owner,MH03,Manual,Third Party insurance,Bakers Chocolate
279,2019 Jeep Compass,"21,91,000",4x4 Opt,2019,Oct 2019,Diesel,"69,039 Kms",1956 cc,1st Owner,MH08,Automatic,Third Party insurance,Brilliant Black
280,2014 Hyundai i20,"5,32,000",Sportz Option 1.4 CRDi,2014,Oct 2014,Diesel,"1,18,140 Kms",1396 cc,1st Owner,MH46,Manual,Third Party insurance,Red
281,2014 Hyundai i20,"3,85,000",Sportz 1.2,2014,Jul 2014,Petrol,"50,247 Kms",1197 cc,1st Owner,MH02,Manual,Third Party insurance,Brown
282,2014 Hyundai i20,"5,10,000",Asta 1.2,2014,Nov 2014,Petrol,"47,384 Kms",1197 cc,1st Owner,MH48,Manual,Third Party insurance,Passion Red
283,2016 Hyundai Xcent,"4,95,000",1.2 Kappa SX,2016,Jun 2016,Petrol,"16,858 Kms",1197 cc,1st Owner,MH05,Manual,Third Party insurance,Pure white
284,2016 Hyundai Creta,"8,89,000",1.6 SX,2016,Apr 2016,Petrol,"53,850 Kms",1591 cc,1st Owner,MH03,Manual,Third Party insurance,Red
285,2015 Maruti Swift Dzire,"4,98,000",ZXI,2015,Nov 2015,Petrol,"23,136 Kms",1197 cc,1st Owner,MH05,Manual,Third Party insurance,Silver
286,2011 Hyundai i20,"3,12,500",1.4 Asta (AT),2011,Jun 2011,Petrol,"49,536 Kms",1396 cc,2nd Owner,MH01,Automatic,Third Party insurance,White
287,2015 Hyundai Grand i10,"4,02,500",CRDi Asta,2015,Aug 2015,Diesel,"65,481 Kms",1120 cc,1st Owner,MH05,Manual,Third Party insurance,Sleek Silver
288,2016 Maruti Baleno,"5,34,000",1.2 Delta,2016,May 2016,Petrol,"21,254 Kms",1197 cc,1st Owner,MH03,Manual,Third Party insurance,Granite Grey
289,2015 Hyundai i10,"3,40,000",Magna 1.1L,2015,Sept 2015,Petrol,"27,427 Kms",1086 cc,1st Owner,MH05,Manual,Third Party insurance,Pure white
290,2016 Honda Brio,"3,65,000",1.2 S MT,2016,Mar 2017,Petrol,"83,056 Kms",1198 cc,1st Owner,MH04,Manual,Third Party insurance,Orchid White Pearl
291,2015 Hyundai i20,"4,87,000",Sportz 1.2,2015,Oct 2015,Petrol,"63,253 Kms",1197 cc,2nd Owner,MH01,Manual,Third Party insurance,Polar White
292,2015 Maruti Baleno,"5,69,000",Sigma Diesel,2015,Feb 2016,Diesel,"66,766 Kms",1248 cc,2nd Owner,MH06,Manual,Third Party insurance,Metallic Premium silver
293,2020 Maruti Swift Dzire,"6,90,000",VXI 1.2,2020,Sept 2020,Petrol,"41,177 Kms",1197 cc,1st Owner,MH05,Manual,Third Party insurance,Pearl Arctic White
294,2017 Hyundai Creta,"8,00,000",1.6 VTVT E Plus,2017,Oct 2017,Petrol,"43,004 Kms",1591 cc,1st Owner,MH46,Manual,Third Party insurance,White
295,2018 Maruti Wagon R,"3,78,000",VXI BS IV,2018,undefined 2018,Petrol,"19,252 Kms",998 cc,1st Owner,MH04,Manual,Third Party insurance,White
296,2015 Toyota Corolla Altis,"9,72,000",VL AT,2015,undefined 2015,Petrol,"60,947 Kms",1798 cc,1st Owner,MH02,Automatic,Third Party insurance,Super White II
297,2016 Honda BR-V,"5,90,000",i-VTEC V MT,2016,Oct 2016,Petrol,"74,155 Kms",1497 cc,2nd Owner,MH47,Manual,Third Party insurance,Alabaster Silver
298,2017 Hyundai i20,"5,50,000",1.2 Magna Executive,2017,Jun 2017,Petrol,"1,14,595 Kms",1197 cc,1st Owner,MH48,Manual,Third Party insurance,White
299,2012 Honda City,"3,50,000",V MT,2012,Aug 2012,Petrol,"1,05,632 Kms",1497 cc,2nd Owner,MH04,Manual,Third Party insurance,Alabaster Silver Metallic
300,2013 Hyundai Verna,"4,67,000",1.6 SX VTVT AT,2013,Jul 2014,Petrol,"42,019 Kms",1591 cc,2nd Owner,MH02,Automatic,Third Party insurance,Sleek Silver
301,2016 Maruti Baleno,"5,10,000",Delta,2016,Nov 2016,Petrol,"50,578 Kms",1197 cc,1st Owner,MH46,Manual,Third Party insurance,Nexa Blue
302,2013 Volkswagen Vento,"3,28,000",1.6 Highline,2013,Aug 2013,Petrol,"66,180 Kms",1598 cc,2nd Owner,MH03,Manual,Third Party insurance,Deep Black Pearl
303,2017 Maruti Baleno,"7,00,000",Zeta CVT,2017,Jul 2017,Petrol,"18,642 Kms",1197 cc,1st Owner,MH01,Automatic,Third Party insurance,Grey
304,2016 Hyundai EON,"3,11,000",Sportz,2016,Apr 2016,Petrol,"9,576 Kms",814 cc,1st Owner,MH43,Manual,Third Party insurance,Red
305,2014 Hyundai Verna,"5,40,000",1.6 SX,2014,Mar 2015,Diesel,"1,23,888 Kms",1582 cc,1st Owner,MH04,Manual,Third Party insurance,Silver
306,2016 Honda Jazz,"5,10,000",1.2 SV i VTEC,2016,Apr 2016,Petrol,"33,676 Kms",1199 cc,1st Owner,MH01,Manual,Third Party insurance,Urban Titanium Metallic
307,2014 Maruti Wagon R,"3,45,000",LXI CNG,2014,Nov 2014,CNG,"68,703 Kms",998 cc,1st Owner,MH43,Manual,Third Party insurance,White
308,2018 Maruti Swift,"5,98,000",AMT VXI,2018,Dec 2018,Petrol,"26,713 Kms",1197 cc,2nd Owner,MH46,Automatic,Third Party insurance,Midnight Blue
309,2016 Hyundai i20,"5,35,000",Magna 1.2,2016,Feb 2017,Petrol,"31,486 Kms",1197 cc,1st Owner,MH01,Manual,Third Party insurance,Passion Red
310,2015 Maruti Swift,"4,79,000",VXI BSIV,2015,May 2015,Petrol,"21,261 Kms",1197 cc,1st Owner,MH02,Manual,Third Party insurance,Red
311,2016 Datsun RediGO,"2,26,000",T Option,2016,Jul 2017,Petrol,"28,442 Kms",799 cc,1st Owner,MH02,Manual,Third Party insurance,Lime
312,2018 Honda BR-V,"9,37,000",i-VTEC V CVT,2018,Feb 2019,Petrol,"22,219 Kms",1497 cc,1st Owner,MH03,Automatic,Third Party insurance,Orchid White Pearl
313,2017 Maruti Swift,"4,73,000",VXI Optional,2017,Dec 2017,Petrol,"49,950 Kms",1197 cc,1st Owner,MH48,Manual,Third Party insurance,Silver
314,2016 Hyundai Creta,"9,45,500",1.6 VTVT AT SX Plus,2016,undefined 2016,Petrol,"51,894 Kms",1591 cc,2nd Owner,MH04,Automatic,Third Party insurance,Silver
315,2018 Maruti Celerio,"4,32,000",ZXI MT BSIV,2018,Dec 2018,Petrol,"6,310 Kms",998 cc,1st Owner,MH05,Manual,Third Party insurance,White
316,2015 Honda Jazz,"4,55,000",1.2 SV i VTEC,2015,Oct 2015,Petrol,"30,144 Kms",1199 cc,1st Owner,MH03,Manual,Third Party insurance,Brown
317,2014 Hyundai i20,"4,82,000",Asta 1.2,2014,undefined 2014,Petrol,"70,539 Kms",1197 cc,2nd Owner,MH43,Manual,Third Party insurance,Star Dust
318,2013 Hyundai EON,"2,14,000",Era Plus,2013,Dec 2013,Petrol,"32,850 Kms",814 cc,1st Owner,MH46,Manual,Third Party insurance,Red
319,2018 Maruti Swift Dzire,"7,60,000",AMT ZXI BS IV,2018,Feb 2019,Petrol,"6,549 Kms",1197 cc,1st Owner,MH47,Automatic,Third Party insurance,Silky silver
320,2015 Hyundai EON,"2,75,000",Magna Plus,2015,Feb 2016,Petrol,"19,530 Kms",814 cc,1st Owner,MH48,Manual,Third Party insurance,Fiery Red
321,2015 Maruti SX4 S Cross,"6,25,000",DDiS 200 Zeta,2015,Sept 2015,Diesel,"74,975 Kms",1248 cc,1st Owner,MH43,Manual,Third Party insurance,PREMIUM SILVER
322,2016 Renault KWID,"2,73,000",RXL,2016,Apr 2016,Petrol,"22,786 Kms",799 cc,1st Owner,MH46,Manual,Third Party insurance,Fiery Red
323,2017 Renault KWID,"3,32,000",Climber 1.0 MT,2017,Jul 2017,Petrol,"25,887 Kms",999 cc,1st Owner,MH46,Manual,Third Party insurance,Blue
324,2018 Hyundai Grand i10,"5,25,000",1.2 Kappa Sportz BSIV,2018,Jul 2018,Petrol,"24,295 Kms",1197 cc,1st Owner,MH03,Manual,Third Party insurance,Fiery Red
325,2014 Hyundai i10,"3,20,000",Sportz 1.1L,2014,Jun 2014,Petrol,"86,730 Kms",1086 cc,1st Owner,MH01,Manual,Third Party insurance,Star Dust
326,2016 Maruti Baleno,"5,89,000",1.2 Alpha,2016,Oct 2016,Petrol,"38,263 Kms",1197 cc,1st Owner,MH01,Manual,Third Party insurance,Premium Silver Metallic
327,2018 Maruti Celerio,"5,36,000",ZXI AMT BSIV,2018,undefined 2018,Petrol,"6,478 Kms",998 cc,1st Owner,MH47,Automatic,Third Party insurance,Orange
328,2016 Renault KWID,"3,19,000",RXT,2016,Mar 2016,Petrol,"19,498 Kms",799 cc,1st Owner,MH04,Manual,Third Party insurance,ICE Cool White
329,2015 Hyundai Xcent,"4,34,000",1.2 Kappa S Option,2015,May 2015,Petrol,"42,184 Kms",1197 cc,1st Owner,MH02,Manual,Third Party insurance,Pure white
330,2014 Maruti Ciaz,"5,29,000",ZDi,2014,Nov 2014,Diesel,"76,592 Kms",1248 cc,1st Owner,MH02,Manual,Third Party insurance,Silver
331,2020 Volkswagen Polo,"8,00,000",1.0 TSI Highline Plus,2020,Sept 2020,Petrol,"8,112 Kms",999 cc,1st Owner,MH12,Manual,Third Party insurance,Candy White
332,2016 Maruti Wagon R,"4,02,000",AMT VXI,2016,Dec 2016,Petrol,"36,209 Kms",998 cc,1st Owner,MH43,Automatic,Third Party insurance,White
333,2019 Maruti Baleno,"6,60,000",Zeta,2019,Oct 2019,Petrol,"28,961 Kms",1197 cc,1st Owner,MH46,Manual,Third Party insurance,Metallic Magma Grey
334,2015 Maruti Swift,"4,63,000",VXI BSIV,2015,Dec 2015,Petrol,"27,890 Kms",1197 cc,1st Owner,MH01,Manual,Third Party insurance,Metallic Pearl Arctic White
335,2015 Honda Brio,"3,73,000",S MT,2015,Oct 2015,Petrol,"29,999 Kms",1198 cc,1st Owner,MH43,Manual,Third Party insurance,Urban Titanium
336,2016 Maruti Celerio,"4,07,000",Green VXI,2016,undefined 2016,CNG,"1,10,398 Kms",998 cc,1st Owner,MH46,Manual,Third Party insurance,Glistening Grey
337,2019 Maruti Swift Dzire,"7,55,000",AMT ZXI,2019,Sept 2019,Petrol,"29,135 Kms",1197 cc,1st Owner,MH46,Automatic,Third Party insurance,Oxford Blue
338,2017 Hyundai Creta,"10,46,000",1.6 CRDi SX Option,2017,Jun 2017,Diesel,"72,814 Kms",1582 cc,1st Owner,MH43,Manual,Third Party insurance,Black
339,2020 Maruti Swift,"7,78,000",ZXI,2020,Apr 2021,Petrol,"3,951 Kms",1197 cc,1st Owner,MH04,Manual,Third Party insurance,Metallic Magma Grey
340,2018 Maruti Alto 800,"3,45,000",VXI,2018,Jun 2018,Petrol,"15,911 Kms",796 cc,1st Owner,MH01,Manual,Third Party insurance,Silver
341,2015 Maruti Celerio,"3,90,000",VXI AT,2015,Mar 2015,Petrol,"35,870 Kms",998 cc,1st Owner,MH46,Automatic,Third Party insurance,Glistening Grey
342,2019 Hyundai Creta,"10,43,000",1.6 EX Petrol,2019,Feb 2020,Petrol,"15,276 Kms",1591 cc,1st Owner,MH02,Manual,Third Party insurance,Silver
343,2017 Tata Tiago,"3,50,000",1.2 Revotron XE,2017,Mar 2017,Petrol,"14,989 Kms",1199 cc,1st Owner,MH04,Manual,Third Party insurance,Pearlescent White
344,2015 Hyundai i20 Active,"5,78,000",1.4 SX,2015,Feb 2016,Diesel,"75,851 Kms",1396 cc,1st Owner,MH04,Manual,Third Party insurance,White
345,2016 Maruti Wagon R,"3,60,000",CNG LXI BSIV,2016,Sept 2016,CNG,"74,389 Kms",998 cc,1st Owner,MH05,Manual,Third Party insurance,Brown
346,2016 Hyundai Grand i10,"4,12,000",Magna,2016,Jul 2016,Petrol,"19,936 Kms",1197 cc,1st Owner,MH05,Manual,Third Party insurance,Pure white
347,2012 Maruti Swift,"3,35,000",VDI,2012,Apr 2012,Diesel,"88,008 Kms",1248 cc,1st Owner,MH02,Manual,Third Party insurance,Black
348,2016 Maruti Vitara Brezza,"7,80,000",ZDi Plus Dual Tone,2016,May 2016,Diesel,"72,851 Kms",1248 cc,1st Owner,MH04,Manual,Third Party insurance,Blazing Red with Midnight Black
349,2014 Hyundai i10,"3,21,000",Sportz 1.1L,2014,Jul 2015,Petrol,"74,654 Kms",1086 cc,1st Owner,MH03,Manual,Third Party insurance,White
350,2016 Maruti Swift,"4,80,000",VXI Optional,2016,Aug 2016,Petrol,"30,553 Kms",1197 cc,1st Owner,MH05,Manual,Third Party insurance,Glistening Grey
351,2019 Maruti Wagon R,"5,82,000",ZXI 1.2,2019,Oct 2019,Petrol,"14,040 Kms",1197 cc,1st Owner,MH46,Manual,Third Party insurance,Solid White
352,2016 Hyundai Grand i10,"4,35,000",Sportz,2016,undefined 2016,Petrol,"21,240 Kms",1197 cc,1st Owner,MH03,Manual,Third Party insurance,Grey
